"scenario","stage","block","uid:1"
1,1,1,-19.999999999999996
1,1,2,-20
1,1,3,-19.999999999999996
1,1,4,-19.999999999999996
1,1,5,-20
1,1,6,-20
1,1,7,-20
1,1,8,-20
1,1,9,-20
1,1,10,-20
1,1,11,-20
1,1,12,-20
1,1,13,-20
1,1,14,-20
1,1,15,-20
1,1,16,-20
1,1,17,-20
1,1,18,-20
1,1,19,-20
1,1,20,-20
1,1,21,-20
1,1,22,-20
1,1,23,-19.999999999999996
1,1,24,-20
