"scenario","stage","block","uid:1","uid:2","uid:3","uid:4"
1,1,1,4.3368086899420177e-13,0,0,0
1,1,2,4.3368086899420177e-13,0,0,0
1,1,3,0,0,0,0
1,1,4,-1.1072703038149834e-13,0,0,0
