"scenario","stage","block","uid:1","uid:2","uid:3","uid:4"
1,1,1,-3.469446951953614e-13,0,0,0
1,1,2,-3.469446951953614e-13,0,0,0
1,1,3,0,0,0,0
1,1,4,1.734723475976807e-13,0,0,0
