"scenario","stage","block","uid","value"
1,1,1,1,20.114155
1,1,1,2,20.114155
1,1,1,3,20.114155
1,1,1,4,20.114155
