"scenario","stage","block","uid:1","uid:2","uid:3","uid:4"
1,1,1,0,-2.0851063829787235,-2.914893617021277,-3.6170212765957452
