"scenario","stage","block","uid:1"
1,1,1,1000
1,1,2,80.85087251879686
1,1,3,80.85087251879716
1,1,4,80.85087251879686
1,1,5,80.85087251879713
1,1,6,1000
1,1,7,1000
1,1,8,1000
1,1,9,259.2620928125061
1,1,10,151.6842449664394
1,1,11,151.6842449664394
1,1,12,151.6842449664394
1,1,13,151.6842449664394
1,1,14,151.6842449664394
1,1,15,151.6842449664394
1,1,16,151.6842449664394
1,1,17,151.6842449664394
1,1,18,1000
1,1,19,1000
1,1,20,1000
1,1,21,1000
1,1,22,1000
1,1,23,1000
1,1,24,1000
