"scenario","stage","block","uid:1","uid:2","uid:3","uid:4","uid:5"
1,1,1,87.3872340425532,124.3127659574468,24.617021276595732,62.77021276595745,17.229787234042544
1,1,2,41.702127659574465,58.297872340425535,11.063829787234045,30.63829787234042,9.36170212765958
1,1,3,34.468085106382986,55.531914893617014,14.042553191489352,20.42553191489361,-0.425531914893611
1,1,4,97.64638297872344,172.33361702127658,49.79148936170211,107.87489361702131,22.125106382978693
