"scenario","stage","block","uid:1","uid:2","uid:3","uid:4","uid:5"
1,1,1,85.39574468085104,120.45425531914894,23.37234042553193,62.02340425531912,17.97659574468088
1,1,2,43.69361702127659,62.1563829787234,12.308510638297872,31.385106382978723,8.614893617021277
1,1,3,24.834042553191487,36.865957446808515,8.021276595744688,16.8127659574468,3.1872340425532
1,1,4,97.64638297872341,172.3336170212766,49.79148936170213,107.87489361702126,22.125106382978743
