"scenario","stage","block","uid:1","uid:2","uid:3","uid:4","uid:5"
1,1,1,83.40425531914894,116.59574468085107,22.127659574468062,61.276595744680876,18.723404255319124
1,1,2,43.90876407143279,62.573230388400994,12.442977544645485,31.465786526787305,8.534213473212695
1,1,3,41.276595744680854,68.72340425531915,18.29787234042552,22.978723404255334,-2.9787234042553337
1,1,4,116.79531914893619,153.18468085106383,24.259574468085102,92.55574468085106,37.44425531914894
