"stage","uid:1","uid:2","uid:3"
1,0,0.5946347031963366,-2.6618730125602394
