"scenario","stage","block","uid:1"
1,1,1,0
1,1,2,0
1,1,3,0
1,1,4,0
1,1,5,0
1,1,6,0
1,1,7,0
1,1,8,0
1,1,9,0
1,1,10,0
1,1,11,0
1,1,12,0
1,1,13,57
1,1,14,50.84210526315791
1,1,15,49.26315789473674
1,1,16,43.105263157894655
1,1,17,36.94736842105256
1,1,18,30.789473684210463
1,1,19,24.63157894736837
1,1,20,18.47368421052628
1,1,21,12.315789473684186
1,1,22,6.157894736842093
1,1,23,0
1,1,24,0
