"scenario","stage","block","uid:1","uid:2","uid:3","uid:4"
1,1,1,0,19.999999999999993,0,0
1,1,2,0,19.999999999999993,0,0
1,1,3,20,40,0,0
1,1,4,-19.99999999999999,0,0,-39.51934631098294
