"scenario","stage","block","uid:1","uid:2","uid:3","uid:4"
1,1,1,211.70000000000005,0,0,48.300000000000004
1,1,2,39.970000000000034,0,60.03,60
1,1,3,0,0,61.70000000000001,48.300000000000004
1,1,4,250,60.019999999999996,19.98,60
