"scenario","stage","block","uid:1","uid:2","uid:3","uid:4"
1,1,1,0,20.000000000000004,0,0
1,1,2,0,20.000000000000007,0,0
1,1,3,19.999999999999996,40,0,0
1,1,4,-20.000000000000014,0,0,-39.99519346310984
