"scenario","stage","block","uid:1","uid:2","uid:3","uid:4"
1,1,1,211.6999999999999,0,0,48.3
1,1,2,39.96999999999997,0,60.03,60
1,1,3,0,0,61.69999999999998,48.29999999999999
1,1,4,249.99999999999997,60.01999999999992,19.979999999999997,60
