"scenario","stage","block","uid:1","uid:2","uid:3","uid:4"
1,1,1,206.4819944598338,0,0,0
1,1,2,39.97,0,60.03,0
1,1,3,20.000000000000007,0,90,0
1,1,4,250,0.01999999999998181,19.98,60
