"scenario","stage","block","uid:1","uid:2","uid:3"
1,1,1,30,20,14.137396121883796
1,1,2,28,18,0
1,1,3,27,17,0
1,1,4,27,17,0
1,1,5,28,18,0
1,1,6,32,22,0
1,1,7,40,28,0
1,1,8,55,38,55.39999999999999
1,1,9,70,48,0
1,1,10,80,55,60
1,1,11,85,58,0
1,1,12,88,60,14.000000000000014
1,1,13,90,62,28
1,1,14,88,60,22.999999999999986
1,1,15,84,57,11.999999999999986
1,1,16,80,55,0
1,1,17,82,56,0
1,1,18,88,60,0
1,1,19,100,68,0
1,1,20,110,75,0
1,1,21,105,72,0
1,1,22,95,65,0
1,1,23,75,50,0
1,1,24,50,32,0
