"stage","uid:1","uid:2","uid:3"
1,8.930022831050234,5.3579908675799075,2.678995433789954
