"scenario","stage","block","uid","value"
1,1,19,1,24.721588
1,1,20,1,115.4342
1,1,21,1,24.721588
1,1,22,1,24.721588
1,1,23,1,24.721588
1,1,19,2,4.7215877
1,1,20,2,95.4342
1,1,21,2,18.99282
1,1,22,2,4.7215877
1,1,23,2,4.7215877
