"stage","uid:1","uid:2","uid:3"
1,125.00000000000003,56.39999999999998,180
