"stage","uid:1","uid:2","uid:3"
1,1.0000000000000002,1,0.9999999999999997
