"scenario","stage","block","uid","value"
1,1,1,2,20
1,1,2,2,20
1,1,3,2,20
1,1,4,2,20
1,1,5,2,20
1,1,6,2,20
1,1,7,2,20
1,1,8,2,20
1,1,9,2,20
1,1,10,2,20
1,1,11,2,20
1,1,12,2,20
1,1,13,2,20
1,1,14,2,20
1,1,15,2,20
1,1,16,2,20
1,1,17,2,20
1,1,18,2,20
1,1,21,2,14.271233
1,1,24,2,20
1,1,13,3,-20
1,1,20,4,-90.71261
