"scenario","stage","block","uid:1","uid:2","uid:3","uid:4","uid:5","uid:6","uid:7","uid:8","uid:9","uid:10","uid:11","uid:12","uid:13","uid:14","uid:15","uid:16","uid:17","uid:18","uid:19","uid:20","uid:21","uid:22","uid:23","uid:24","uid:25","uid:26","uid:27","uid:28","uid:29","uid:30"
1,1,1,0,-0.1117761152833554,-0.14703916095982064,-0.1798631214947916,-0.26435007246895537,-0.21148120672386614,-0.24432960566880207,-0.22391976765549476,-0.2693973286845536,-0.30002604702914804,-0.2693973286845536,-0.28695461759317964,-0.2869546175931797,-0.30616862944564177,-0.3087815169287863,-0.2996431814815643,-0.30519255483705693,-0.3210779323712853,-0.3242144562851107,-0.31940525834501887,-0.3114787536572325,-0.3109573501381776,-0.3173042524465511,-0.3200560276435633,-0.31150418874573577,-0.32480418874573574,-0.2987781553982978,-0.2231510101870594,-0.3239649303999969,-0.3405770983467108
