"scenario","stage","block","uid:1","uid:2","uid:3","uid:4","uid:5","uid:6","uid:7","uid:8","uid:9","uid:10","uid:11","uid:12","uid:13","uid:14","uid:15","uid:16","uid:17","uid:18","uid:19","uid:20","uid:21","uid:22","uid:23","uid:24","uid:25","uid:26","uid:27","uid:28","uid:29","uid:30"
1,1,1,0,-0.044726943027064314,-0.10839434803354744,-0.13235245862962158,-0.20471565759933216,-0.1592503317562108,-0.18903261821649342,-0.1717007006811745,-0.21796189148356465,-0.2490112740316845,-0.21796189148356465,-0.23754227619598245,-0.23754227619598245,-0.25652518308392136,-0.25895772019029645,-0.2495612225050339,-0.2544625462354345,-0.2708375703813374,-0.27372777745082244,-0.2687889390663409,-0.26049720142532595,-0.25998626533039854,-0.26704575942604464,-0.26921650493917326,-0.26019819689219204,-0.27349819689219207,-0.24717644024150845,-0.17098817175242992,-0.27236321524320767,-0.28897538318992155
