"scenario","stage","block","uid:1","uid:2","uid:3","uid:4","uid:5","uid:6","uid:7","uid:8","uid:9","uid:10","uid:11","uid:12","uid:13","uid:14","uid:15","uid:16","uid:17","uid:18","uid:19","uid:20","uid:21","uid:22","uid:23","uid:24","uid:25","uid:26","uid:27","uid:28","uid:29","uid:30"
1,1,1,0,-0.11177611528335546,-0.1470391609598207,-0.17986312149479164,-0.2643500724689555,-0.21148120672386625,-0.24432960566880219,-0.22391976765549482,-0.2693973286845538,-0.3000260470291482,-0.2693973286845538,-0.28695461759317986,-0.28695461759317986,-0.30616862944564194,-0.30878151692878647,-0.29964318148156444,-0.305192554837057,-0.32107793237128535,-0.32421445628511075,-0.3194052583450189,-0.3114787536572326,-0.3109573501381777,-0.3173042524465512,-0.3200560276435635,-0.311504188745736,-0.32480418874573597,-0.2987781553982979,-0.22315101018705946,-0.32396493039999713,-0.3405770983467109
