"scenario","stage","block","uid:1","uid:2","uid:3","uid:4"
1,1,1,20,20.000000000000004,20.000000000000004,20.000000000000004
1,1,2,20,20.000000000000004,20.000000000000004,20.000000000000004
1,1,3,-0,-0,-0,-0
1,1,4,40,40,40,40
