"scenario","stage","block","uid:1","uid:2","uid:3","uid:4"
1,1,1,0,-1.7079148936170208,-2.409085106382979,-2.9483829787234033
1,1,2,0,-0.8738723404255317,-1.243127659574468,-1.5015744680851064
1,1,3,0,-0.49668085106382975,-0.7373191489361703,-0.8329361702127658
1,1,4,0,-1.9529276595744682,-3.446672340425532,-4.110425531914894
