"scenario","stage","block","uid:1","uid:2","uid:3","uid:4"
1,1,1,0,-1.747744680851064,-2.486255319148936,-3.0031489361702133
1,1,2,0,-0.8340425531914893,-1.1659574468085108,-1.4468085106382977
1,1,3,0,-0.6893617021276597,-1.1106382978723401,-1.097872340425532
1,1,4,0,-1.9529276595744685,-3.4466723404255317,-4.1104255319148955
