"scenario","stage","block","uid:1","uid:2","uid:3"
1,1,1,19.999999999999996,19.999999999999993,1.9499999999999968
1,1,2,19.999999999999996,19.999999999999993,1.9499999999999968
1,1,3,0,0,0
1,1,4,40,40,40
