"Hidro","year","CMg"
"MEDIA",2024,48.25595833333333
"MEDIA",2025,54.80041666666667
"MEDIA",2026,62.483
"MEDIA",2027,55.238
