"scenario","stage","block","uid:1","uid:2","uid:3","uid:4","uid:5","uid:6","uid:7"
1,1,1,1.2980591883415758e-14,19.999999999999996,-3.355636318030685e-15,20,0,20,-3.5544159545647545e-15
