"scenario","stage","block","uid:1","uid:2","uid:3","uid:4","uid:5","uid:6","uid:7"
1,1,1,-1.5179929131903783e-14,19.99999999999998,-1.962095486771604e-14,19.999999999999996,0,19.999999999999996,-2.0783251942669886e-14
