"scenario","stage","block","uid:1","uid:2","uid:3","uid:4","uid:5"
1,1,1,87.38723404255317,124.31276595744676,24.617021276595736,62.77021276595742,17.22978723404257
1,1,2,41.70212765957445,58.29787234042551,11.063829787234038,30.638297872340434,9.361702127659559
1,1,3,24.83404255319148,36.865957446808515,8.021276595744668,16.812765957446807,3.1872340425531873
1,1,4,97.64638297872344,172.33361702127658,49.7914893617021,107.87489361702124,22.125106382978746
