"scenario","stage","block","uid:1","uid:2","uid:3","uid:4","uid:5"
1,1,1,87.38723404255322,124.31276595744681,24.617021276595793,62.77021276595744,17.229787234042572
1,1,2,41.70212765957449,58.29787234042554,11.063829787234061,30.638297872340424,9.361702127659582
1,1,3,24.834042553191498,36.865957446808515,8.021276595744693,16.812765957446803,3.187234042553199
1,1,4,97.64638297872341,172.33361702127664,49.79148936170213,107.87489361702127,22.12510638297873
