"scenario","stage","block","uid:1","uid:2","uid:3","uid:4","uid:5"
1,1,1,85.3957446808511,120.45425531914894,23.372340425531956,62.023404255319136,17.976595744680868
1,1,2,43.69361702127661,62.15638297872341,12.308510638297896,31.38510638297872,8.614893617021286
1,1,3,24.834042553191498,36.865957446808515,8.021276595744693,16.812765957446803,3.187234042553199
1,1,4,97.64638297872341,172.33361702127664,49.79148936170213,107.87489361702127,22.12510638297873
