"scenario","stage","block","uid:1","uid:2","uid:3","uid:4","uid:5"
1,1,1,85.39574468085105,120.45425531914896,23.37234042553191,62.02340425531915,17.97659574468085
1,1,2,43.693617021276594,62.15638297872341,12.308510638297873,31.38510638297872,8.614893617021282
1,1,3,24.834042553191498,36.86595744680852,8.021276595744682,16.81276595744681,3.187234042553192
1,1,4,97.64638297872338,172.33361702127664,49.791489361702126,107.87489361702136,22.125106382978746
