"scenario","stage","block","uid:1","uid:2","uid:3","uid:4","uid:5"
1,1,1,85.61089173100729,120.87110272882653,23.506807331879497,62.10408439912776,17.895915600872243
1,1,2,41.70212765957447,58.297872340425535,11.063829787234031,30.638297872340438,9.361702127659562
1,1,3,41.276595744680854,68.72340425531915,18.29787234042552,22.978723404255334,-2.9787234042553337
1,1,4,116.79531914893619,153.18468085106383,24.259574468085102,92.55574468085106,37.44425531914894
