"scenario","stage","block","uid:1","uid:2","uid:3","uid:4","uid:5","uid:6","uid:7","uid:8","uid:9","uid:10","uid:11","uid:12","uid:13","uid:14","uid:15","uid:16","uid:17","uid:18","uid:19","uid:20","uid:21","uid:22","uid:23","uid:24","uid:25","uid:26","uid:27","uid:28","uid:29","uid:30","uid:31","uid:32","uid:33","uid:34","uid:35","uid:36","uid:37","uid:38","uid:39","uid:40","uid:41"
1,1,1,77.78598787315532,65.6140121268447,50.446468395254634,63.2140121268447,80.68013846307001,64.95938101483068,64.97070803523968,-13.519861536929994,36.31986153692999,29.643735535627727,7.418095696732671,16.4228864987071,6.048790291419969,1.2180956967326706,2.5487902914199694,5.437002375762432,2.237002375762432,-7.262997624237568,9.462997624237568,6.451209708580031,15.335016546917856,7.321541893738527,-2.1649834530821437,4.003979819677324,5.156558440656383,0.8039798196773242,-2.739461739666293,3.5,-6.239461739666293,6.0647182763542435,6.9352817236457565,3.664718276354243,-0.35626446437227344,19.595726204038566,28.226711407381636,16.144054366092373,0,-28.226711407381636,41.089772486859694,0,19.239461739666293
