"scenario","stage","block","uid:1","uid:2","uid:3","uid:4","uid:5","uid:6","uid:7","uid:8","uid:9","uid:10","uid:11","uid:12","uid:13","uid:14","uid:15","uid:16","uid:17","uid:18","uid:19","uid:20","uid:21","uid:22","uid:23","uid:24","uid:25","uid:26","uid:27","uid:28","uid:29","uid:30","uid:31","uid:32","uid:33","uid:34","uid:35","uid:36","uid:37","uid:38","uid:39","uid:40","uid:41"
1,1,1,194.39324397105287,89.00675602894715,39.19804617814408,86.60675602894715,76.94097689641953,56.55422089648927,76.37218654365847,-17.259023103580475,40.05902310358047,29.61562126578235,7.508406351098948,16.738419735894595,6.385789576439201,1.3084063510989479,2.885789576439201,5.62765008810014,2.4276500881001395,-7.0723499118998605,9.27234991189986,6.114210423560799,15.290663054852294,7.292397004022353,-2.2093369451477063,4.219175998893416,5.083060058874646,1.0191759988934157,-2.5977639422319356,3.5,-6.097763942231936,6.064718276354245,6.935281723645755,3.664718276354245,-0.38437873421764834,19.482142676449584,27.844289404176692,15.925330990158614,0,-27.844289404176692,41.83261566343275,0,19.097763942231936
