"scenario","stage","block","uid:1","uid:2","uid:3","uid:4","uid:5","uid:6","uid:7","uid:8","uid:9","uid:10","uid:11","uid:12","uid:13","uid:14","uid:15","uid:16","uid:17","uid:18","uid:19","uid:20","uid:21","uid:22","uid:23","uid:24","uid:25","uid:26","uid:27","uid:28","uid:29","uid:30","uid:31","uid:32","uid:33","uid:34","uid:35","uid:36","uid:37","uid:38","uid:39","uid:40","uid:41"
1,1,1,0,-1.734723475976807e-15,-1.3010426069826053e-15,-1.734723475976807e-15,-8.673617379884035e-16,-1.734723475976807e-15,0,-8.673617379884035e-16,8.673617379884035e-16,-1.734723475976807e-15,0,0,-8.673617379884035e-16,0,-8.673617379884035e-16,-1.3010426069826053e-15,-1.3010426069826053e-15,-1.3010426069826053e-15,1.3010426069826053e-15,8.673617379884035e-16,7.197024807614125e-16,4.729199089726426e-16,7.197024807614125e-16,-9.75781955236954e-16,1.1926223897340549e-15,-9.75781955236954e-16,2.1684043449710089e-16,0,2.1684043449710089e-16,0,-0,0,-1.734723475976807e-15,1.5178830414797062e-15,-8.673617379884035e-16,-4.3368086899420177e-16,-0,8.673617379884035e-16,1.734723475976807e-15,0,-2.1684043449710089e-16
