"scenario","stage","block","uid:1","uid:2","uid:3","uid:4","uid:5","uid:6","uid:7"
1,1,1,-3.886598278761498e-14,19.999999999999986,-2.1418715743583952e-14,20.000000000000004,0,19.999999999999993,-2.5972547110846617e-14
