"scenario","stage","block","uid:1","uid:2","uid:3","uid:4","uid:5","uid:6","uid:7","uid:8","uid:9","uid:10","uid:11","uid:12","uid:13","uid:14","uid:15","uid:16","uid:17","uid:18","uid:19","uid:20","uid:21","uid:22","uid:23","uid:24","uid:25","uid:26","uid:27","uid:28","uid:29","uid:30","uid:31","uid:32","uid:33","uid:34","uid:35","uid:36","uid:37","uid:38","uid:39","uid:40","uid:41","uid:42","uid:43","uid:44","uid:45","uid:46","uid:47","uid:48","uid:49","uid:50","uid:51","uid:52","uid:53","uid:54","uid:55","uid:56","uid:57","uid:58","uid:59","uid:60","uid:61","uid:62","uid:63","uid:64","uid:65","uid:66","uid:67","uid:68","uid:69","uid:70","uid:71","uid:72","uid:73","uid:74","uid:75","uid:76","uid:77","uid:78","uid:79","uid:80"
1,1,1,87.17016259846456,84.17016259846456,71.77090969756435,18.552821155790905,18.952082626017553,-10.699021706347887,-39.79607451184366,263.75565755976777,47.688005738330254,28.250925440598603,36.76565860119931,17.490578278339722,-59.31938253748628,-100.41443387837458,170.3229535975188,124.62116603126032,138.7657177727564,111.39925290090021,5.552821155790904,-81.36826792839112,22.49645898485067,5.0250394892747625,-139.3509986099333,-81.62116603126032,-96.76571777275639,-112.45983732913747,7.066005915756283,3.766005915756283,1.466005915756283,3.8702901527694182,-2.429709847230581,-16.529735723340778,-25.82973572334078,-30.429735723340777,7.800025876109833,4.200025876109833,-1.599974123890168,3.8,-6.999974123890171,-12.99997412389017,-15.894199519858336,-19.474088172566287,3.579888652707939,2.894225395968219,-2.4042842370131354,8.532040946037293,-11.866201352771348,-34.847935290906534,42.64045479165121,12.940454791651208,7.71260036441206,18.80845324652042,-2.1915467534795843,23.23951049870248,18.33951049870248,-1.6604895012975214,-5.760489501297522,-46.847935290906534,-6.39384500528652,-1.4320409460372938,-3.1201113472920614,4.197417308566311,-5.227854427239134,-14.95876400383269,-19.307241911923597,1.4660059157562835,-7.190311702991343,-6.909714173118494,16.52973572334078,-70.66924622204324,-6.999974123890168,-9.359684598552477,-46.84793529090654,-42.6404547916512,-20.191546753479585,-24.898435573542194,-13.866201352771348,-2.894225395968219,-3.5798886527079388,-12.560489501297527
