"scenario","stage","block","uid:1","uid:2","uid:3","uid:4","uid:5","uid:6","uid:7","uid:8","uid:9","uid:10","uid:11","uid:12","uid:13","uid:14","uid:15","uid:16","uid:17","uid:18","uid:19","uid:20","uid:21","uid:22","uid:23","uid:24","uid:25","uid:26","uid:27","uid:28","uid:29","uid:30","uid:31","uid:32","uid:33","uid:34","uid:35","uid:36","uid:37","uid:38","uid:39","uid:40","uid:41","uid:42","uid:43","uid:44","uid:45","uid:46","uid:47","uid:48","uid:49","uid:50","uid:51","uid:52","uid:53","uid:54","uid:55","uid:56","uid:57","uid:58","uid:59","uid:60","uid:61","uid:62","uid:63","uid:64","uid:65","uid:66","uid:67","uid:68","uid:69","uid:70","uid:71","uid:72","uid:73","uid:74","uid:75","uid:76","uid:77","uid:78","uid:79","uid:80"
1,1,1,131.72597,128.72597,167.60071,60.605198,74.671486,32.050804,15.22588,-18.774132,-25.018082,-43.721542,-38.125443,-53.781654,-39.39518,-82.70897,195.78761,89.62923,103.737206,60.125248,47.605198,-8.920011,-55.835735,-65.43599,47.40525,-46.629227,-61.7372,-100.140015,5.124033,1.824033,-0.475967,23.495209,17.195208,4.856596,-4.443404,-9.043404,6.0386124,2.4386122,-3.3613877,3.7999999999999994,-8.761388,-14.761388,-18.485945,-22.746939,4.2609935,3.7245572,-23.971174,7.870863,-11.00466,-39.06387,50.244835,20.544834,2.2413764,13.182347,-7.817653,14.927409,10.02741,-9.97259,-14.072591,-51.06387,-5.5435867,-0.7708628,-2.4390068,-3.350786,-18.303457,-14.110999,-18.213034,-0.475967,-6.2920785,-6.046534,-4.856596,-40.970814,-8.761388,-8.70979,-51.06387,-50.244835,-25.817654,-32.291756,-13.00466,-3.7245572,-4.2609935,-20.872591
