"scenario","stage","block","uid:1","uid:2","uid:3","uid:4","uid:5","uid:6","uid:7","uid:8","uid:9","uid:10","uid:11","uid:12","uid:13","uid:14","uid:15","uid:16","uid:17","uid:18","uid:19","uid:20","uid:21","uid:22","uid:23","uid:24","uid:25","uid:26","uid:27","uid:28","uid:29","uid:30","uid:31","uid:32","uid:33","uid:34","uid:35","uid:36","uid:37","uid:38","uid:39","uid:40","uid:41","uid:42","uid:43","uid:44","uid:45","uid:46","uid:47","uid:48","uid:49","uid:50","uid:51","uid:52","uid:53","uid:54","uid:55","uid:56","uid:57","uid:58","uid:59","uid:60","uid:61","uid:62","uid:63","uid:64","uid:65","uid:66","uid:67","uid:68","uid:69","uid:70","uid:71","uid:72","uid:73","uid:74","uid:75","uid:76","uid:77","uid:78","uid:79","uid:80"
1,1,1,87.17016259846481,84.1701625984648,71.7709096975653,18.552821155791154,18.95208262601791,-10.699021706347683,-39.79607451184316,263.7556575597642,47.68800573833,28.25092544059812,36.765658601199156,17.4905782783392,-59.319382537485794,-100.41443387837379,170.32295359751873,124.62116603126022,138.76571777275626,111.39925290089953,5.552821155791152,-81.36826792839048,22.496458984850623,5.025039489274155,-139.3509986099337,-81.62116603126022,-96.76571777275626,-112.459837329138,7.066005915756253,3.7660059157562524,1.4660059157562533,3.87029015276943,-2.4297098472305705,-16.529735723340455,-25.829735723340452,-30.429735723340453,7.800025876109872,4.200025876109872,-1.5999741238901286,3.7999999999999994,-6.9999741238901265,-12.999974123890127,-15.894199519859223,-19.47408817256713,3.5798886527079454,2.8942253959682267,-2.404284237013176,8.532040946037348,-11.866201352771446,-34.84793529090642,42.640454791652175,12.940454791652176,7.712600364412239,18.80845324652058,-2.1915467534794213,23.239510498702344,18.339510498702346,-1.660489501297653,-5.760489501297649,-46.84793529090642,-6.3938450052866145,-1.432040946037348,-3.1201113472920547,4.19741730856615,-5.227854427239933,-14.95876400383268,-19.307241911923573,1.4660059157562528,-7.190311702991355,-6.909714173118517,16.52973572334045,-70.6692462220428,-6.9999741238901265,-9.35968459855257,-46.84793529090642,-42.64045479165219,-20.191546753479418,-24.898435573542333,-13.866201352771444,-2.8942253959682263,-3.5798886527079454,-12.560489501297651
