"scenario","stage","block","uid:1","uid:2","uid:3","uid:4","uid:5","uid:6","uid:7","uid:8","uid:9","uid:10","uid:11","uid:12","uid:13","uid:14","uid:15","uid:16","uid:17","uid:18","uid:19","uid:20","uid:21","uid:22","uid:23","uid:24","uid:25","uid:26","uid:27","uid:28","uid:29","uid:30","uid:31","uid:32","uid:33","uid:34","uid:35","uid:36","uid:37","uid:38","uid:39","uid:40","uid:41","uid:42","uid:43","uid:44","uid:45","uid:46","uid:47","uid:48","uid:49","uid:50","uid:51","uid:52","uid:53"
1,1,1,45.2793926227566,45.2847486726616,45.2851436067009,45.3160432110628,166.772987436197,76.5553811469355,45.2668176227695,45.2703004823307,45.2631313742527,45.197630894817,116.854937071506,413.999999997636,99.9999999997669,47.9591422189562,99.9999999994531,45.2467113467326,45.2474217158336,45.2323109084989,45.2176300989682,52.6086947599525,113.561479926443,63.497025933772,99.9999999991482,45.1557844337487,99.37981110191,100.849651484963,99.9999999999142,156.465550020686,4.41962541484236e-10,99.999999999489,45.1778456461426,45.1576894289128,45.1273448597822,45.131253926355,45.1312255552671,171.680929719204,45.0844300401757,46.66737107213,190.302097128377,99.9999999996196,45.0741649506226,45.1096416340435,45.1605666089418,126.14038469098,60.6361605164193,99.9999999981811,45.2369408508672,45.2217986721408,45.3161927027405,59.25830031259,4.13848603057779e-10,45.2585253347629,45.1589620927561
