"scenario","stage","block","uid:1","uid:2","uid:3","uid:4"
1,1,1,0,-0.45685106382978724,-0.6601489361702128,-0.7781702127659574
1,1,2,0,-0.4219574468085107,-0.6150425531914895,-0.7151914893617023
1,1,3,0,-0.4045106382978723,-0.5924893617021276,-0.6837021276595745
1,1,4,0,-0.4045106382978723,-0.5924893617021276,-0.6837021276595745
1,1,5,0,-0.5016170212765959,-0.7693829787234046,-0.8247234042553195
1,1,6,0,-0.45191489361702125,-0.6280851063829787,-0.7863829787234042
1,1,7,0,-0.5702127659574469,-0.7897872340425532,-0.9940425531914892
1,1,8,0,-0.8185531914893617,-1.1584468085106383,-1.410510638297872
1,1,9,0,-1.1067234042553193,-1.6042765957446816,-1.881744680851064
1,1,10,0,-1.129787234042553,-1.5702127659574467,-1.9659574468085106
1,1,11,0,-1.1957446808510637,-1.6642553191489362,-2.079148936170213
1,1,12,0,-1.277276595744681,-1.799723404255319,-2.2062553191489367
1,1,13,0,-1.3526808510638306,-1.9233191489361716,-2.324936170212767
1,1,14,0,-1.3940425531914895,-2.02595744680851,-2.3668085106382977
1,1,15,0,-1.26,-1.8,-2.16
1,1,16,0,-1.129787234042553,-1.5702127659574467,-1.9659574468085106
1,1,17,0,-1.154042553191489,-1.6059574468085103,-2.0068085106382973
1,1,18,0,-1.3569361702127662,-1.9540638297872346,-2.3157872340425536
1,1,19,0,-1.0744680851063826,-1.7855319148936173,-2.1748936170212767
1,1,20,0,-0.8028085106382977,-1.7691914893617022,-2.08936170212766
1,1,21,0,-0.7948936170212764,-1.7051063829787236,-2.0229787234042558
1,1,22,0,-0.8765957446808507,-1.623404255319149,-1.95531914893617
1,1,23,0,-1.0425531914893618,-1.4574468085106385,-1.8085106382978722
1,1,24,0,-0.72068085106383,-1.0363191489361703,-1.2309361702127661
