"scenario","stage","block","uid:1","uid:2","uid:3","uid:4","uid:5"
1,1,1,22.842553191489376,33.00744680851064,6.776595744680872,16.065957446808504,3.934042553191498
1,1,2,39.53191489361704,66.46808510638299,17.957446808510667,21.57446808510638,-3.574468085106373
1,1,3,38.659574468085125,65.34042553191489,17.78723404255322,20.8723404255319,-3.8723404255318967
1,1,4,38.659574468085125,65.34042553191489,17.78723404255322,20.8723404255319,-3.8723404255318967
1,1,5,39.208510638297916,65.8414893617022,17.75531914893619,21.453191489361718,-3.453191489361712
1,1,6,24.587234042553195,35.2627659574468,7.117021276595756,17.470212765957445,4.529787234042555
1,1,7,13.634042553191485,10.665957446808505,-1.9787234042553161,15.612765957446806,12.387234042553192
1,1,8,57.79574468085106,90.60425531914893,21.87234042553191,35.92340425531915,2.0765957446808563
1,1,9,38.68936170212768,47.96063829787239,6.18085106382981,32.508510638297885,15.491489361702119
1,1,10,44.234042553191486,54.76595744680853,7.021276595744688,37.2127659574468,17.787234042553198
1,1,11,57.063829787234035,77.93617021276594,13.914893617021274,43.14893617021276,14.851063829787254
1,1,12,66.63829787234042,95.36170212765957,19.148936170212764,47.48936170212765,12.510638297872354
1,1,13,73.14893617021276,106.85106382978724,22.46808510638299,50.68085106382979,11.319148936170212
1,1,14,69.70212765957446,101.29787234042551,21.063829787234038,48.63829787234042,11.361702127659594
1,1,15,62.99999999999998,89.99999999999999,17.99999999999999,44.99999999999999,12.000000000000009
1,1,16,53.4255319148936,72.57446808510636,12.765957446808498,40.65957446808508,14.340425531914919
1,1,17,78.12765957446811,119.87234042553193,27.829787234042577,50.29787234042553,5.702127659574474
1,1,18,63.86382978723406,89.98617021276596,17.414893617021306,46.44893617021277,13.551063829787234
1,1,19,60.47659574468084,78.92340425531914,12.297872340425531,48.17872340425531,19.82127659574469
1,1,20,56.91489361702127,68.08510638297874,7.446808510638299,49.46808510638297,25.531914893617035
1,1,21,55.11489361702126,66.28510638297873,7.446808510638276,47.668085106382996,24.331914893617007
1,1,22,53.77446808510636,67.62553191489361,9.234042553191479,44.5404255319149,20.4595744680851
1,1,23,50.90212765957446,70.49787234042553,13.063829787234035,37.838297872340426,12.161702127659579
1,1,24,36.034042553191505,51.815957446808504,10.521276595744707,25.5127659574468,6.4872340425532045
