"scenario","stage","block","uid:1","uid:2","uid:3","uid:4","uid:5","uid:6","uid:7","uid:8","uid:9","uid:10","uid:11","uid:12","uid:13","uid:14","uid:15","uid:16","uid:17","uid:18","uid:19","uid:20","uid:21","uid:22","uid:23","uid:24","uid:25","uid:26","uid:27","uid:28","uid:29","uid:30","uid:31","uid:32","uid:33","uid:34","uid:35","uid:36","uid:37","uid:38","uid:39","uid:40","uid:41","uid:42","uid:43","uid:44","uid:45","uid:46","uid:47","uid:48","uid:49","uid:50","uid:51","uid:52","uid:53","uid:54","uid:55","uid:56","uid:57"
1,1,1,0,-0.024407645527570077,-0.09595228373626498,-0.12222043668557371,-0.1467101606112177,-0.15026951897207966,-0.1393565168316046,-0.08142231006659015,-0.21461891713427286,-0.2946870787689293,-0.23857570190790048,-0.3230776100078109,-0.24225403081404961,-0.21650941879278243,-0.15499388777374207,-0.25671960202439625,-0.1498669751945769,-0.20524157690684516,-0.2536437174297757,-0.26998818310415795,-0.28137465105183695,-0.2830898779732718,-0.2836781620764927,-0.27745810486758254,-0.3624475891969401,-0.26963953987044237,-0.22765401113315678,-0.2030124432530897,-0.18515018838348865,-0.378203641466682,-0.39907777007094797,-0.3869979654355771,-0.3883659654355771,-0.32028821203490376,-0.3148282322182694,-0.30784724611374037,-0.30202996908947227,-0.28238061412335286,-0.3033867468888486,-0.30919595514826165,-0.3086797395510586,-0.3387125236811099,-0.2597909899776407,-0.2619945719781726,-0.2038094363468667,-0.24785015306464608,-0.2768456623229689,-0.2798607882894236,-0.2898100427595152,-0.3138848629150614,-0.30906346005740687,-0.22860807301606226,-0.2466541513467855,-0.2428018157037753,-0.2297543069833364,-0.34378194863008193,-0.35189423813304127
