"scenario","stage","block","uid:1","uid:2","uid:3","uid:4","uid:5","uid:6","uid:7","uid:8","uid:9","uid:10","uid:11","uid:12","uid:13","uid:14","uid:15","uid:16","uid:17","uid:18","uid:19","uid:20","uid:21","uid:22","uid:23","uid:24","uid:25","uid:26","uid:27","uid:28","uid:29","uid:30","uid:31","uid:32","uid:33","uid:34","uid:35","uid:36","uid:37","uid:38","uid:39","uid:40","uid:41","uid:42","uid:43","uid:44","uid:45","uid:46","uid:47","uid:48","uid:49","uid:50","uid:51","uid:52","uid:53","uid:54","uid:55","uid:56","uid:57"
1,1,1,0,-0.024407645527570156,-0.09595228373626528,-0.1222204366855742,-0.14671016061121855,-0.15026951897208066,-0.13935651683160602,-0.08142231006659201,-0.21461891713427297,-0.2946870787689291,-0.23857570190790017,-0.32307761000781043,-0.2422540308140489,-0.21650941879278024,-0.1549938877737421,-0.25671960202439603,-0.1498669751945768,-0.20524157690684555,-0.25364371742977593,-0.269988183104158,-0.2813746510518368,-0.2830898779732716,-0.28367816207649255,-0.2774581048675822,-0.36244758919694,-0.2696395398704422,-0.22765401113315747,-0.20301244325309067,-0.18515018838348984,-0.37820364146668195,-0.39907777007094813,-0.3869979654355774,-0.38836596543557744,-0.3202882120349046,-0.3148282322182704,-0.3078472461137413,-0.3020299690894728,-0.2823806141233527,-0.3033867468888492,-0.3091959551482624,-0.3086797395510589,-0.33871252368111043,-0.25979098997764055,-0.26199457197817244,-0.20380943634686657,-0.24785015306464458,-0.2768456623229681,-0.279860788289423,-0.2898100427595148,-0.3138848629150611,-0.3090634600574064,-0.22860807301606326,-0.24665415134678637,-0.2428018157037758,-0.22975430698333663,-0.34378194863008266,-0.351894238133042
