"scenario","stage","block","uid:1","uid:2","uid:3","uid:4","uid:5","uid:6","uid:7","uid:8","uid:9","uid:10","uid:11","uid:12","uid:13","uid:14","uid:15","uid:16","uid:17","uid:18","uid:19","uid:20","uid:21","uid:22","uid:23","uid:24","uid:25","uid:26","uid:27","uid:28","uid:29","uid:30","uid:31","uid:32","uid:33","uid:34","uid:35","uid:36","uid:37","uid:38","uid:39","uid:40","uid:41","uid:42","uid:43","uid:44","uid:45","uid:46","uid:47","uid:48","uid:49","uid:50","uid:51","uid:52","uid:53","uid:54","uid:55","uid:56","uid:57"
1,1,1,0,-0.02440764552757009,-0.09595228373626499,-0.12222043668557354,-0.14671016061121742,-0.1502695189720793,-0.13935651683160427,-0.08142231006658973,-0.21461891713427206,-0.29468707876892897,-0.23857570190790028,-0.32307761000781104,-0.24225403081404992,-0.21650941879278054,-0.15499388777374207,-0.25671960202439625,-0.149866975194577,-0.2052415769068449,-0.2536437174297752,-0.2699881831041574,-0.2813746510518362,-0.28308987797327095,-0.2836781620764919,-0.2774581048675812,-0.36244758919693865,-0.26963953987044115,-0.22765401113315603,-0.2030124432530891,-0.18515018838348818,-0.37820364146668045,-0.39907777007094625,-0.3869979654355754,-0.38836596543557544,-0.3202882120349021,-0.31482823221826783,-0.3078472461137387,-0.3020299690894709,-0.2823806141233521,-0.3033867468888472,-0.30919595514826,-0.3086797395510578,-0.3387125236811088,-0.2597909899776403,-0.2619945719781719,-0.20380943634686643,-0.24785015306464464,-0.27684566232296776,-0.2798607882894227,-0.2898100427595146,-0.31388486291506096,-0.3090634600574063,-0.22860807301606176,-0.246654151346785,-0.24280181570377468,-0.2297543069833356,-0.3437819486300805,-0.3518942381330399
