"scenario","stage","block","uid:1","uid:2","uid:3","uid:4","uid:5"
1,1,1,85.39574468085105,120.4542553191489,23.372340425531917,62.02340425531915,17.97659574468085
1,1,2,43.69361702127661,62.156382978723414,12.308510638297873,31.385106382978723,8.614893617021277
1,1,3,34.46808510638298,55.53191489361702,14.042553191489366,20.425531914893618,-0.4255319148936164
1,1,4,97.64638297872338,172.3336170212766,49.79148936170211,107.87489361702129,22.125106382978707
