"scenario","stage","block","uid:1","uid:2","uid:3","uid:4","uid:5","uid:6","uid:7","uid:8","uid:9"
1,1,1,20,35,30,383.01133563093117,1000,295.02161226681994,269.2160156487632,212.22263664949836,132.43190605052757
