"scenario","stage","block","uid:1","uid:2","uid:3","uid:4","uid:5","uid:6","uid:7","uid:8","uid:9"
1,1,1,0,6.283185307179586,6.283185307179586,-2.2406547819375247,-6.283185307179585,-1.44403358818522,-1.369126007960421,-0.786996906704939,0.027983835052735096
