"scenario","stage","block","uid:1","uid:2","uid:3","uid:4","uid:5","uid:6","uid:7","uid:8","uid:9"
1,1,1,-6302.2801324814445,-3747.4562503802103,-1747.9847448895493,0,11797.721127751203,0,0,0,0
