"scenario","stage","block","uid:1","uid:2","uid:3","uid:4","uid:5","uid:6","uid:7","uid:8","uid:9"
1,1,1,-0.006302280132481444,-0.0037474562503802106,-0.0017479847448895493,0,0.011797721127751203,0,0,0,0
