"scenario","stage","block","uid","value"
1,1,1,1,33.362488
1,1,2,1,33.362488
1,1,3,1,33.362488
1,1,4,1,33.362488
1,1,5,1,33.362488
1,1,6,1,33.362488
1,1,7,1,37.198063
1,1,8,1,37.198063
1,1,9,1,37.198063
1,1,10,1,37.198063
1,1,11,1,37.198063
1,1,12,1,37.198063
1,1,14,1,33.697598
1,1,15,1,37.198063
1,1,16,1,37.198063
1,1,17,1,37.198063
1,1,18,1,37.198063
1,1,19,1,40.06194
1,1,20,1,40.06194
1,1,21,1,1000
1,1,22,1,1000
1,1,23,1,40.06194
1,1,24,1,41.365677
