iteration,scene,rhs,rs_CHX-H1,rs_AGU-H1,rs_RBO-H,rs_LVA-H1,rs_SEC-H1,rs_SAL-H,rs_REN-H1,rs_MTZ-H,rs_CAN-H1,rs_REC-H,rs_XAC-H1,rs_PNA-H1,rs_STS-H1,rs_CHO-H1,rs_PVI-H1,rs_HHS-H,rs_VDA-H1,rs_HAG-H,rs_HIX-H,rs_RE2-H1,rs_MNL-H1,rs_CBN-H,rs_HCR-H,rs_OXE-H1,rs_LIB-H,rs_CAF-H,rs_RE3-H1,rs_RC2-H1,rs_HST-H,rs_MNL-H3,rs_HPT-H,rs_XAD-H1,rs_HMA-H,rs_OX2-H1,rs_HKC-H,rs_RE4-H1,rs_HUV-H,rs_MNL-H13,rs_MNL-H6
1,1,520883.50213094166,-0.07500000000000001,-185907.7083333333,-124789.89583333333,-388934.2708333334,-280076.6666666666,-16827.468749999996,-268228.3333333333,-123753.75000000001,-197804.1666666667,-64959.51041666667,-75317.67708333334,-40264.44791666667,-46011.666666666664,-197198.125,-404194.4791666667,-7.411538288475128e-19,-13733.916666666668,-27751.947916666664,-150287.5,-174986.04166666666,-70431.20833333333,-16209.123958333332,-113246.875,-46188.625,-134297.49999999997,-130912.39583333333,-62459.958333333336,-52718.229166666664,-45656.0,-70431.20833333333,-37916.02083333333,-135036.97916666666,-97794.36458333333,-14010.062499999998,-52092.00000000001,-199886.66666666666,-45614.13541666667,-20615133.958333336,-210835.62500000003
