"scenario","stage","block","uid:1","uid:2","uid:3","uid:4","uid:5","uid:6","uid:7","uid:8","uid:9","uid:10","uid:11","uid:12","uid:13","uid:14","uid:15","uid:16","uid:17","uid:18","uid:19","uid:20","uid:21","uid:22","uid:23","uid:24","uid:25","uid:26","uid:27","uid:28","uid:29","uid:30"
1,1,1,20,19.99999999999999,20,19.999999999999982,19.999999999999982,19.99999999999998,19.999999999999982,19.99999999999998,19.99999999999998,19.99999999999998,19.99999999999998,19.999999999999964,19.999999999999964,19.999999999999964,19.999999999999975,19.999999999999964,19.999999999999964,19.999999999999975,19.999999999999975,19.999999999999975,19.99999999999998,19.99999999999998,19.999999999999975,19.99999999999998,19.99999999999998,19.99999999999998,19.99999999999998,19.999999999999975,19.99999999999998,19.99999999999998
