"scenario","stage","block","uid:1","uid:2","uid:3","uid:4","uid:5","uid:6","uid:7","uid:8","uid:9","uid:10","uid:11","uid:12","uid:13","uid:14","uid:15","uid:16","uid:17","uid:18","uid:19","uid:20","uid:21","uid:22","uid:23","uid:24","uid:25","uid:26","uid:27","uid:28","uid:29","uid:30"
1,1,1,0,-0.11177611528335543,-0.14703916095982056,-0.1798631214947916,-0.26435007246895537,-0.21148120672386614,-0.24432960566880207,-0.2239197676554947,-0.2693973286845536,-0.3000260470291479,-0.2693973286845536,-0.2869546175931795,-0.2869546175931795,-0.3061686294456416,-0.30878151692878614,-0.2996431814815642,-0.3051925548370568,-0.321077932371285,-0.3242144562851104,-0.31940525834501854,-0.3114787536572323,-0.31095735013817744,-0.31730425244655086,-0.3200560276435631,-0.3115041887457357,-0.3248041887457357,-0.2987781553982977,-0.2231510101870594,-0.3239649303999969,-0.3405770983467106
