"scenario","stage","block","uid:1","uid:2","uid:3","uid:4","uid:5","uid:6","uid:7","uid:8","uid:9","uid:10","uid:11","uid:12","uid:13","uid:14","uid:15","uid:16","uid:17","uid:18","uid:19","uid:20","uid:21","uid:22","uid:23","uid:24","uid:25","uid:26","uid:27","uid:28","uid:29","uid:30"
1,1,1,0,-0.04472694302706423,-0.1083943480335473,-0.13235245862962142,-0.204715657599332,-0.1592503317562106,-0.18903261821649317,-0.17170070068117424,-0.2179618914835644,-0.2490112740316842,-0.2179618914835644,-0.23754227619598217,-0.23754227619598217,-0.256525183083921,-0.2589577201902961,-0.24956122250503368,-0.2544625462354343,-0.2708375703813371,-0.2737277774508222,-0.26878893906634066,-0.26049720142532556,-0.25998626533039815,-0.2670457594260442,-0.26921650493917276,-0.2601981968921915,-0.27349819689219146,-0.24717644024150798,-0.17098817175242964,-0.27236321524320717,-0.28897538318992094
