"scenario","stage","block","uid:1","uid:2","uid:3","uid:4","uid:5","uid:6","uid:7","uid:8","uid:9","uid:10","uid:11","uid:12","uid:13","uid:14","uid:15","uid:16","uid:17","uid:18","uid:19","uid:20","uid:21","uid:22","uid:23","uid:24","uid:25","uid:26","uid:27","uid:28","uid:29","uid:30","uid:31","uid:32","uid:33","uid:34","uid:35","uid:36","uid:37","uid:38","uid:39","uid:40","uid:41"
1,1,1,77.78598787315526,65.61401212684468,50.44646839525462,63.214012126844686,80.68013846307001,64.95938101483065,64.97070803523951,-13.51986153692999,36.31986153692999,29.643735535627684,7.418095696732661,16.42288649870713,6.048790291419985,1.2180956967326608,2.5487902914199854,5.437002375762387,2.237002375762387,-7.262997624237613,9.46299762423763,6.451209708580015,15.335016546917853,7.321541893738515,-2.1649834530821463,4.003979819677309,5.156558440656369,0.8039798196773091,-2.739461739666311,3.5,-6.239461739666311,6.064718276354251,6.935281723645749,3.6647182763542503,-0.3562644643723374,19.595726204038613,28.22671140738163,16.14405436609239,0,-28.22671140738163,41.08977248685971,0,19.239461739666275
