"scenario","stage","block","uid:1","uid:2","uid:3","uid:4","uid:5","uid:6","uid:7","uid:8","uid:9","uid:10","uid:11","uid:12","uid:13","uid:14","uid:15","uid:16","uid:17","uid:18","uid:19","uid:20","uid:21","uid:22","uid:23","uid:24","uid:25","uid:26","uid:27","uid:28","uid:29","uid:30","uid:31","uid:32","uid:33","uid:34","uid:35","uid:36","uid:37","uid:38","uid:39","uid:40","uid:41"
1,1,1,-6.391597278580226e-18,-5.961025860246875e-17,0,0,-3.577698026897564e-17,-3.1807774187697464e-17,0,0,0,0,0,0,0,0,0,0,0,0,0,0,0,0,0,0,9.688471207483571e-17,1.461389511743332e-16,0,2.6011781960530757e-16,-7.530666446934157e-17,0,0,0,0,0,0,3.009379883441824e-16,0,-5.953809121917278e-17,9.237425061883777e-17,0,2.857828378520294e-16
