"scenario","stage","block","uid:1","uid:2","uid:3","uid:4","uid:5","uid:6","uid:7","uid:8","uid:9","uid:10","uid:11","uid:12","uid:13","uid:14","uid:15","uid:16","uid:17","uid:18","uid:19","uid:20","uid:21","uid:22","uid:23","uid:24","uid:25","uid:26","uid:27","uid:28","uid:29","uid:30","uid:31","uid:32","uid:33","uid:34","uid:35","uid:36","uid:37","uid:38","uid:39","uid:40","uid:41"
1,1,1,194.39324397105293,89.00675602894711,39.198046178144,86.60675602894709,76.94097689641958,56.55422089648935,76.37218654365826,-17.25902310358041,40.0590231035804,29.6156212657824,7.508406351098916,16.738419735894688,6.385789576439211,1.3084063510989155,2.8857895764392114,5.6276500881002,2.4276500881002,-7.0723499118998,9.272349911899799,6.114210423560787,15.290663054852345,7.292397004022339,-2.2093369451476574,4.2191759988934034,5.083060058874683,1.0191759988934033,-2.597763942231916,3.500000000000001,-6.097763942231917,6.064718276354256,6.935281723645747,3.6647182763542547,-0.3843787342175986,19.48214267644952,27.84428940417672,15.92533099015861,0,-27.844289404176717,41.83261566343281,0,19.097763942231918
