"scenario","stage","block","uid:1","uid:2","uid:3","uid:4","uid:5","uid:6","uid:7","uid:8","uid:9","uid:10","uid:11","uid:12","uid:13","uid:14","uid:15","uid:16","uid:17","uid:18","uid:19","uid:20","uid:21","uid:22","uid:23","uid:24","uid:25","uid:26","uid:27","uid:28","uid:29","uid:30","uid:31","uid:32","uid:33","uid:34","uid:35","uid:36","uid:37","uid:38","uid:39","uid:40","uid:41"
1,1,1,77.78598787315534,65.61401212684468,50.44646839525462,63.214012126844686,80.68013846307005,64.9593810148307,64.97070803523962,-13.519861536929945,36.319861536929935,29.643735535627698,7.418095696732651,16.422886498707065,6.0487902914199845,1.2180956967326504,2.548790291419984,5.437002375762437,2.2370023757624367,-7.2629976242375625,9.462997624237563,6.4512097085800155,15.335016546917911,7.321541893738535,-2.164983453082087,4.0039798196772765,5.156558440656445,0.8039798196772764,-2.739461739666278,3.5000000000000004,-6.239461739666278,6.064718276354251,6.9352817236457485,3.664718276354251,-0.35626446437230325,19.595726204038577,28.226711407381686,16.14405436609238,0,-28.226711407381686,41.0897724868597,0,19.23946173966628
