"scenario","stage","block","uid:1","uid:2","uid:3","uid:4","uid:5","uid:6","uid:7","uid:8","uid:9","uid:10","uid:11","uid:12","uid:13","uid:14","uid:15","uid:16","uid:17","uid:18","uid:19","uid:20","uid:21","uid:22","uid:23","uid:24","uid:25","uid:26","uid:27","uid:28","uid:29","uid:30","uid:31","uid:32","uid:33","uid:34","uid:35","uid:36","uid:37","uid:38","uid:39","uid:40","uid:41"
1,1,1,194.39324397105295,89.00675602894715,39.19804617814404,86.60675602894712,76.94097689641958,56.55422089648938,76.37218654365826,-17.259023103580407,40.05902310358041,29.615621265782313,7.508406351098899,16.73841973589464,6.385789576439196,1.3084063510989008,2.8857895764391963,5.62765008810017,2.42765008810017,-7.072349911899831,9.27234991189983,6.114210423560802,15.290663054852287,7.292397004022427,-2.209336945147715,4.2191759988934106,5.083060058874712,1.01917599889341,-2.597763942231935,3.4999999999999996,-6.097763942231934,6.064718276354244,6.935281723645754,3.664718276354245,-0.38437873421769264,19.48214267644961,27.84428940417673,15.925330990158617,0,-27.844289404176735,41.83261566343289,0,19.097763942231932
