"scenario","stage","block","uid:1","uid:2","uid:3","uid:4","uid:5","uid:6","uid:7","uid:8","uid:9","uid:10","uid:11","uid:12","uid:13","uid:14","uid:15","uid:16","uid:17","uid:18","uid:19","uid:20","uid:21","uid:22","uid:23","uid:24","uid:25","uid:26","uid:27","uid:28","uid:29","uid:30"
1,1,1,0,-0.11177611528335538,-0.1470391609598207,-0.1798631214947916,-0.2643500724689553,-0.21148120672386597,-0.24432960566880194,-0.22391976765549454,-0.26939732868455346,-0.30002604702914787,-0.26939732868455346,-0.2869546175931795,-0.2869546175931795,-0.30616862944564166,-0.30878151692878625,-0.29964318148156416,-0.3051925548370567,-0.32107793237128507,-0.3242144562851104,-0.31940525834501854,-0.3114787536572322,-0.3109573501381773,-0.31730425244655097,-0.32005602764356295,-0.31150418874573543,-0.3248041887457354,-0.2987781553982974,-0.22315101018705924,-0.3239649303999966,-0.34057709834671035
