"scenario","stage","block","uid:1"
1,1,1,-19.999999999999996
1,1,2,-19.999999999999996
1,1,3,0
1,1,4,-0
