{
  "case": "c_sys5_hy_cascading_turbine_energy",
  "gen_dispatch_mw": {
    "Alta": [
      0.0,
      0.0,
      0.0,
      0.0,
      0.0,
      0.0,
      0.0,
      0.0,
      0.0,
      0.0,
      0.0,
      0.0,
      0.0,
      0.0,
      0.0,
      0.0,
      0.0,
      0.0,
      0.0,
      0.0,
      0.0,
      0.0,
      0.0,
      0.0
    ],
    "Brighton": [
      0.0,
      0.0,
      0.0,
      0.0,
      0.0,
      0.0,
      0.0,
      0.0,
      0.0,
      0.0,
      0.0,
      0.0,
      0.0,
      0.0,
      0.0,
      0.0,
      0.0,
      0.0,
      0.0,
      0.0,
      0.0,
      0.0,
      0.0,
      0.0
    ],
    "HydroEnergyReservoir_turbine_downstream": [
      135.66606480000002,
      692.1153402,
      670.2280804999999,
      643.4489705000001,
      649.1417221,
      658.8662014,
      688.0143032,
      26.92800179999999,
      76.18920649999995,
      130.27531129999997,
      170.60175729999986,
      182.93000179999996,
      185.64378979999992,
      164.00495,
      145.64121310000004,
      144.7816617999999,
      182.64825899999994,
      230.0883743,
      293.0296584000001,
      287.8506011999999,
      255.00034110000004,
      201.58592979999986,
      156.82494739999999,
      85.53174569999999
    ],
    "HydroEnergyReservoir_turbine_upstream": [
      700.0,
      0.0,
      0.0,
      0.0,
      0.0,
      0.0,
      0.0,
      700.0,
      700.0,
      700.0,
      700.0,
      700.0,
      700.0,
      700.0,
      700.0,
      700.0,
      700.0,
      700.0,
      700.0,
      700.0,
      700.0,
      700.0,
      700.0,
      700.0
    ],
    "Park City": [
      0.0,
      0.0,
      0.0,
      0.0,
      0.0,
      0.0,
      0.0,
      0.0,
      0.0,
      0.0,
      0.0,
      0.0,
      0.0,
      0.0,
      0.0,
      0.0,
      0.0,
      0.0,
      0.0,
      0.0,
      0.0,
      0.0,
      0.0,
      0.0
    ],
    "Solitude": [
      0.0,
      0.0,
      0.0,
      0.0,
      0.0,
      0.0,
      0.0,
      0.0,
      0.0,
      0.0,
      0.0,
      0.0,
      0.0,
      0.0,
      0.0,
      0.0,
      0.0,
      0.0,
      0.0,
      0.0,
      0.0,
      0.0,
      0.0,
      0.0
    ],
    "Sundance": [
      0.0,
      0.0,
      0.0,
      0.0,
      0.0,
      0.0,
      0.0,
      0.0,
      0.0,
      0.0,
      0.0,
      0.0,
      0.0,
      0.0,
      0.0,
      0.0,
      0.0,
      0.0,
      0.0,
      0.0,
      0.0,
      0.0,
      0.0,
      0.0
    ]
  },
  "highs_version": "1.23.0",
  "horizon_hours": 24,
  "hydro_storage": {},
  "line_flow_mw": {},
  "objective": 2948.55546495,
  "psc_version": "2.2.1",
  "psi_version": "0.35.0",
  "psy_version": "5.10.0",
  "slug": "cascading_hydro",
  "status": "ok",
  "storage_charge_mw": {},
  "storage_discharge_mw": {},
  "storage_soc": {},
  "thermal_on": {
    "Alta": [
      1.0,
      1.0,
      1.0,
      1.0,
      1.0,
      1.0,
      1.0,
      1.0,
      1.0,
      1.0,
      1.0,
      1.0,
      1.0,
      1.0,
      1.0,
      1.0,
      1.0,
      1.0,
      1.0,
      1.0,
      1.0,
      1.0,
      1.0,
      1.0
    ],
    "Brighton": [
      1.0,
      1.0,
      1.0,
      1.0,
      1.0,
      1.0,
      1.0,
      1.0,
      1.0,
      1.0,
      1.0,
      1.0,
      1.0,
      1.0,
      1.0,
      1.0,
      1.0,
      1.0,
      1.0,
      1.0,
      1.0,
      1.0,
      1.0,
      1.0
    ],
    "Park City": [
      1.0,
      1.0,
      1.0,
      1.0,
      1.0,
      1.0,
      1.0,
      1.0,
      1.0,
      1.0,
      1.0,
      1.0,
      1.0,
      1.0,
      1.0,
      1.0,
      1.0,
      1.0,
      1.0,
      1.0,
      1.0,
      1.0,
      1.0,
      1.0
    ],
    "Solitude": [
      1.0,
      1.0,
      1.0,
      1.0,
      1.0,
      1.0,
      1.0,
      1.0,
      1.0,
      1.0,
      1.0,
      1.0,
      1.0,
      1.0,
      1.0,
      1.0,
      1.0,
      1.0,
      1.0,
      1.0,
      1.0,
      1.0,
      1.0,
      1.0
    ],
    "Sundance": [
      1.0,
      1.0,
      1.0,
      1.0,
      1.0,
      1.0,
      1.0,
      1.0,
      1.0,
      1.0,
      1.0,
      1.0,
      1.0,
      1.0,
      1.0,
      1.0,
      1.0,
      1.0,
      1.0,
      1.0,
      1.0,
      1.0,
      1.0,
      1.0
    ]
  },
  "variable_keys": [
    "ActivePowerVariable__HydroTurbine",
    "ActivePowerVariable__ThermalStandard",
    "OnVariable__ThermalStandard",
    "StartVariable__ThermalStandard",
    "StopVariable__ThermalStandard"
  ]
}