{
  "case": "c_sys5_re_fuel_cost",
  "gen_dispatch_mw": {
    "Alta": [
      40.0,
      0.0,
      0.0,
      0.0,
      0.0,
      0.0,
      0.0,
      0.0,
      26.46038401999995,
      40.0,
      40.0,
      30.190272679999985,
      40.0,
      40.0,
      40.0,
      40.0,
      40.0,
      40.0,
      40.0,
      40.0,
      40.0,
      40.0,
      40.0,
      40.0
    ],
    "Brighton": [
      -0.0,
      -0.0,
      -0.0,
      -0.0,
      -0.0,
      -0.0,
      -0.0,
      -0.0,
      -0.0,
      -0.0,
      -0.0,
      -0.0,
      -0.0,
      -0.0,
      -0.0,
      -0.0,
      -0.0,
      -0.0,
      15.560057440000108,
      21.072758319999707,
      -0.0,
      -0.0,
      -0.0,
      -0.0
    ],
    "Park City": [
      39.21676592000001,
      0.0,
      0.0,
      0.0,
      0.0,
      0.0,
      0.0,
      0.0,
      0.0,
      5.506410579999965,
      16.97372801999979,
      0.0,
      2.0789774799998995,
      6.661152999999942,
      81.06685758000003,
      114.71961899999998,
      170.0,
      170.0,
      170.0,
      170.0,
      170.0,
      170.0,
      170.0,
      170.0
    ],
    "Solitude": [
      520.0,
      454.08541164,
      430.79108593999996,
      403.44897050000003,
      409.46242617999997,
      419.9468856400001,
      449.83480712,
      491.1221986,
      520.0,
      520.0,
      520.0,
      520.0,
      520.0,
      520.0,
      520.0,
      520.0,
      520.0,
      520.0,
      520.0,
      520.0,
      520.0,
      520.0,
      520.0,
      520.0
    ],
    "Sundance": [
      0.0,
      0.0,
      0.0,
      0.0,
      0.0,
      0.0,
      0.0,
      0.0,
      0.0,
      0.0,
      0.0,
      0.0,
      0.0,
      0.0,
      0.0,
      0.0,
      38.969638559999794,
      127.5584888600001,
      200.0,
      200.0,
      193.47493613999998,
      144.30077523999998,
      102.99230995999994,
      38.83503497999996
    ],
    "WindBusA": [
      118.22464944,
      119.01496428,
      119.71849728,
      120.0,
      119.83964796,
      119.45965788,
      119.08974803999999,
      117.90290159999999,
      114.86441124,
      111.31810931999999,
      108.86183867999999,
      106.69150956,
      101.78240616000001,
      92.01766151999999,
      78.48630372000001,
      63.040335719999995,
      47.531760479999996,
      33.81258108,
      23.734800479999997,
      18.38892144,
      15.762702479999998,
      13.642577280000001,
      11.91631872,
      8.34835536
    ],
    "WindBusB": [
      0.0,
      0.0,
      0.0,
      0.0,
      0.0,
      0.0,
      0.0,
      0.0,
      0.0,
      42.13268207999996,
      75.90435192,
      119.35670999999999,
      120.0,
      113.30847396000001,
      47.60174807999999,
      43.98137135999999,
      18.61509948,
      4.90472328,
      0.0,
      0.0,
      0.0,
      0.0,
      0.0,
      0.0
    ],
    "WindBusC": [
      118.22464944,
      119.01496428,
      119.71849728,
      120.0,
      119.83964796,
      119.45965788,
      119.08974803999999,
      117.90290159999999,
      114.86441124,
      111.31810931999999,
      108.86183867999999,
      106.69150956,
      101.78240616000001,
      92.01766151999999,
      78.48630372000001,
      63.040335719999995,
      47.531760479999996,
      33.81258108,
      23.734800479999997,
      18.38892144,
      15.762702479999998,
      13.642577280000001,
      11.91631872,
      8.34835536
    ]
  },
  "highs_version": "1.23.0",
  "horizon_hours": 24,
  "hydro_storage": {},
  "line_flow_mw": {},
  "objective": 130167.78391480776,
  "psc_version": "2.2.1",
  "psi_version": "0.35.0",
  "psy_version": "5.10.0",
  "slug": "fuel_cost_ts",
  "status": "ok",
  "storage_charge_mw": {},
  "storage_discharge_mw": {},
  "storage_soc": {},
  "thermal_on": {
    "Alta": [
      1.0,
      1.0,
      1.0,
      1.0,
      1.0,
      1.0,
      1.0,
      1.0,
      1.0,
      1.0,
      1.0,
      1.0,
      1.0,
      1.0,
      1.0,
      1.0,
      1.0,
      1.0,
      1.0,
      1.0,
      1.0,
      1.0,
      1.0,
      1.0
    ],
    "Brighton": [
      1.0,
      1.0,
      1.0,
      1.0,
      1.0,
      1.0,
      1.0,
      1.0,
      1.0,
      1.0,
      1.0,
      1.0,
      1.0,
      1.0,
      1.0,
      1.0,
      1.0,
      1.0,
      1.0,
      1.0,
      1.0,
      1.0,
      1.0,
      1.0
    ],
    "Park City": [
      1.0,
      1.0,
      1.0,
      1.0,
      1.0,
      1.0,
      1.0,
      1.0,
      1.0,
      1.0,
      1.0,
      1.0,
      1.0,
      1.0,
      1.0,
      1.0,
      1.0,
      1.0,
      1.0,
      1.0,
      1.0,
      1.0,
      1.0,
      1.0
    ],
    "Solitude": [
      1.0,
      1.0,
      1.0,
      1.0,
      1.0,
      1.0,
      1.0,
      1.0,
      1.0,
      1.0,
      1.0,
      1.0,
      1.0,
      1.0,
      1.0,
      1.0,
      1.0,
      1.0,
      1.0,
      1.0,
      1.0,
      1.0,
      1.0,
      1.0
    ],
    "Sundance": [
      1.0,
      1.0,
      1.0,
      1.0,
      1.0,
      1.0,
      1.0,
      1.0,
      1.0,
      1.0,
      1.0,
      1.0,
      1.0,
      1.0,
      1.0,
      1.0,
      1.0,
      1.0,
      1.0,
      1.0,
      1.0,
      1.0,
      1.0,
      1.0
    ]
  },
  "variable_keys": [
    "ActivePowerVariable__RenewableDispatch",
    "ActivePowerVariable__ThermalStandard",
    "OnVariable__ThermalStandard",
    "StartVariable__ThermalStandard",
    "StopVariable__ThermalStandard"
  ]
}