{
  "case": "c_sys5_dc",
  "gen_dispatch_mw": {
    "Alta": [
      0.0,
      0.0,
      0.0,
      0.0,
      0.0,
      0.0,
      0.0,
      0.0,
      0.0,
      0.0,
      0.0,
      0.0,
      0.0,
      0.0,
      40.0,
      40.0,
      40.0,
      40.0,
      40.0,
      40.0,
      40.0,
      40.0,
      40.0,
      40.0
    ],
    "Brighton": [
      599.21676592,
      454.08541164,
      430.79108593999996,
      403.44897050000003,
      409.46242617999997,
      419.9468856400001,
      449.8348071199999,
      491.1221986000001,
      546.4603840200001,
      565.50641058,
      576.9737280199997,
      550.19027268,
      562.0789774799999,
      566.661153,
      600.0,
      600.0,
      600.0,
      600.0,
      600.0,
      600.0,
      600.0,
      600.0,
      600.0,
      600.0
    ],
    "Park City": [
      0.0,
      0.0,
      0.0,
      0.0,
      0.0,
      0.0,
      0.0,
      0.0,
      0.0,
      0.0,
      0.0,
      0.0,
      0.0,
      0.0,
      1.0668575800000468,
      34.719619,
      128.96963855999982,
      170.0,
      170.0,
      170.0,
      170.0,
      170.0,
      170.0,
      128.83503498
    ],
    "Solitude": [
      0.0,
      0.0,
      0.0,
      0.0,
      0.0,
      0.0,
      0.0,
      0.0,
      0.0,
      0.0,
      0.0,
      0.0,
      0.0,
      0.0,
      0.0,
      0.0,
      0.0,
      47.5584888600002,
      135.5600574400002,
      141.07275831999982,
      113.47493614000008,
      64.30077524000009,
      22.992309960000057,
      0.0
    ],
    "Sundance": [
      0.0,
      0.0,
      0.0,
      0.0,
      0.0,
      0.0,
      0.0,
      0.0,
      0.0,
      0.0,
      0.0,
      0.0,
      0.0,
      0.0,
      0.0,
      0.0,
      0.0,
      0.0,
      0.0,
      0.0,
      0.0,
      0.0,
      0.0,
      0.0
    ],
    "WindBusA": [
      118.22464944,
      119.01496428,
      119.71849728,
      120.0,
      119.83964796,
      119.45965788,
      119.08974803999999,
      117.90290159999999,
      114.86441124,
      111.31810931999999,
      108.86183867999999,
      106.69150956,
      101.78240616000001,
      92.01766151999999,
      78.48630372000001,
      63.040335719999995,
      47.531760479999996,
      33.81258108,
      23.734800479999997,
      18.38892144,
      15.762702479999998,
      13.642577280000001,
      11.91631872,
      8.34835536
    ],
    "WindBusB": [
      0.0,
      0.0,
      0.0,
      0.0,
      0.0,
      0.0,
      0.0,
      0.0,
      0.0,
      42.132682079999995,
      75.90435192,
      119.35670999999999,
      120.0,
      113.30847395999999,
      47.60174807999999,
      43.98137135999999,
      18.61509948,
      4.90472328,
      0.0,
      0.0,
      0.0,
      0.0,
      0.0,
      0.0
    ],
    "WindBusC": [
      118.22464944,
      119.01496428,
      119.71849728,
      120.0,
      119.83964796,
      119.45965788,
      119.08974803999999,
      117.90290159999999,
      114.86441124,
      111.31810931999999,
      108.86183867999999,
      106.69150956,
      101.78240616000001,
      92.01766151999999,
      78.48630372000001,
      63.040335719999995,
      47.531760479999996,
      33.81258108,
      23.734800479999997,
      18.38892144,
      15.762702479999998,
      13.642577280000001,
      11.91631872,
      8.34835536
    ]
  },
  "highs_version": "1.23.0",
  "horizon_hours": 24,
  "hydro_storage": {},
  "line_flow_mw": {},
  "objective": 170344.046378288,
  "psc_version": "2.2.1",
  "psi_version": "0.35.0",
  "psy_version": "5.10.0",
  "slug": "hvdc",
  "status": "ok",
  "storage_charge_mw": {},
  "storage_discharge_mw": {},
  "storage_soc": {},
  "thermal_on": {
    "Alta": [
      1.0,
      1.0,
      1.0,
      1.0,
      1.0,
      1.0,
      1.0,
      1.0,
      1.0,
      1.0,
      1.0,
      1.0,
      1.0,
      1.0,
      1.0,
      1.0,
      1.0,
      1.0,
      1.0,
      1.0,
      1.0,
      1.0,
      1.0,
      1.0
    ],
    "Brighton": [
      1.0,
      1.0,
      1.0,
      1.0,
      1.0,
      1.0,
      1.0,
      1.0,
      1.0,
      1.0,
      1.0,
      1.0,
      1.0,
      1.0,
      1.0,
      1.0,
      1.0,
      1.0,
      1.0,
      1.0,
      1.0,
      1.0,
      1.0,
      1.0
    ],
    "Park City": [
      1.0,
      1.0,
      1.0,
      1.0,
      1.0,
      1.0,
      1.0,
      1.0,
      1.0,
      1.0,
      1.0,
      1.0,
      1.0,
      1.0,
      1.0,
      1.0,
      1.0,
      1.0,
      1.0,
      1.0,
      1.0,
      1.0,
      1.0,
      1.0
    ],
    "Solitude": [
      1.0,
      1.0,
      1.0,
      1.0,
      1.0,
      1.0,
      1.0,
      1.0,
      1.0,
      1.0,
      1.0,
      1.0,
      1.0,
      1.0,
      1.0,
      1.0,
      1.0,
      1.0,
      1.0,
      1.0,
      1.0,
      1.0,
      1.0,
      1.0
    ],
    "Sundance": [
      1.0,
      1.0,
      1.0,
      1.0,
      1.0,
      1.0,
      1.0,
      1.0,
      1.0,
      1.0,
      1.0,
      1.0,
      1.0,
      1.0,
      1.0,
      1.0,
      1.0,
      1.0,
      1.0,
      1.0,
      1.0,
      1.0,
      1.0,
      1.0
    ]
  },
  "variable_keys": [
    "ActivePowerVariable__RenewableDispatch",
    "ActivePowerVariable__ThermalStandard",
    "OnVariable__ThermalStandard",
    "StartVariable__ThermalStandard",
    "StopVariable__ThermalStandard"
  ]
}