{
  "case": "c_sys5_hydro_pump_energy",
  "gen_dispatch_mw": {
    "Alta": [
      0.0,
      0.0,
      0.0,
      0.0,
      0.0,
      0.0,
      0.0,
      0.0,
      0.0,
      0.0,
      0.0,
      0.0,
      0.0,
      0.0,
      0.0,
      0.0,
      0.0,
      40.0,
      40.0,
      40.0,
      40.0,
      40.0,
      32.99230996000002,
      0.0
    ],
    "Bat_pump": [
      200.0,
      200.0,
      200.0,
      200.0,
      200.0,
      200.0,
      200.0,
      200.0,
      200.0,
      200.0,
      200.0,
      200.0,
      200.0,
      200.0,
      200.0,
      200.0,
      200.0,
      200.0,
      200.0,
      200.0,
      200.0,
      200.0,
      200.0,
      200.0
    ],
    "Brighton": [
      399.21676591999994,
      254.08541164000002,
      230.79108593999996,
      203.44897050000003,
      209.46242618,
      219.94688564000012,
      249.83480711999988,
      291.1221986000001,
      346.46038402000005,
      365.50641058,
      376.9737280199997,
      350.19027268,
      362.07897747999993,
      366.661153,
      441.0668575800001,
      474.719619,
      568.9696385599999,
      600.0,
      600.0,
      600.0,
      600.0,
      600.0,
      600.0,
      568.83503498
    ],
    "Park City": [
      0.0,
      0.0,
      0.0,
      0.0,
      0.0,
      0.0,
      0.0,
      0.0,
      0.0,
      0.0,
      0.0,
      0.0,
      0.0,
      0.0,
      0.0,
      0.0,
      0.0,
      17.558488860000132,
      105.56005744000015,
      111.07275831999974,
      83.47493614000001,
      34.300775240000014,
      0.0,
      0.0
    ],
    "Solitude": [
      0.0,
      0.0,
      0.0,
      0.0,
      0.0,
      0.0,
      0.0,
      0.0,
      0.0,
      0.0,
      0.0,
      0.0,
      0.0,
      0.0,
      0.0,
      0.0,
      0.0,
      0.0,
      0.0,
      0.0,
      0.0,
      0.0,
      0.0,
      0.0
    ],
    "Sundance": [
      0.0,
      0.0,
      0.0,
      0.0,
      0.0,
      0.0,
      0.0,
      0.0,
      0.0,
      0.0,
      0.0,
      0.0,
      0.0,
      0.0,
      0.0,
      0.0,
      0.0,
      0.0,
      0.0,
      0.0,
      0.0,
      0.0,
      0.0,
      0.0
    ],
    "WindBusA": [
      118.22464944,
      119.01496428,
      119.71849728,
      120.0,
      119.83964796,
      119.45965788,
      119.08974803999999,
      117.90290159999999,
      114.86441124,
      111.31810931999999,
      108.86183867999999,
      106.69150956,
      101.78240616000001,
      92.01766151999999,
      78.48630372000001,
      63.040335719999995,
      47.531760479999996,
      33.81258108,
      23.734800479999997,
      18.38892144,
      15.762702479999998,
      13.642577280000001,
      11.91631872,
      8.34835536
    ],
    "WindBusB": [
      0.0,
      0.0,
      0.0,
      0.0,
      0.0,
      0.0,
      0.0,
      0.0,
      0.0,
      42.132682079999995,
      75.90435192,
      119.35670999999999,
      120.0,
      113.30847395999999,
      47.60174807999999,
      43.98137135999999,
      18.61509948,
      4.90472328,
      0.0,
      0.0,
      0.0,
      0.0,
      0.0,
      0.0
    ],
    "WindBusC": [
      118.22464944,
      119.01496428,
      119.71849728,
      120.0,
      119.83964796,
      119.45965788,
      119.08974803999999,
      117.90290159999999,
      114.86441124,
      111.31810931999999,
      108.86183867999999,
      106.69150956,
      101.78240616000001,
      92.01766151999999,
      78.48630372000001,
      63.040335719999995,
      47.531760479999996,
      33.81258108,
      23.734800479999997,
      18.38892144,
      15.762702479999998,
      13.642577280000001,
      11.91631872,
      8.34835536
    ]
  },
  "highs_version": "1.23.0",
  "horizon_hours": 24,
  "hydro_storage": {},
  "line_flow_mw": {},
  "objective": 106368.708428328,
  "psc_version": "2.2.1",
  "psi_version": "0.35.0",
  "psy_version": "5.10.0",
  "slug": "pumped_storage",
  "status": "ok",
  "storage_charge_mw": {},
  "storage_discharge_mw": {},
  "storage_soc": {},
  "thermal_on": {
    "Alta": [
      1.0,
      1.0,
      1.0,
      1.0,
      1.0,
      1.0,
      1.0,
      1.0,
      1.0,
      1.0,
      1.0,
      1.0,
      1.0,
      1.0,
      1.0,
      1.0,
      1.0,
      1.0,
      1.0,
      1.0,
      1.0,
      1.0,
      1.0,
      1.0
    ],
    "Brighton": [
      1.0,
      1.0,
      1.0,
      1.0,
      1.0,
      1.0,
      1.0,
      1.0,
      1.0,
      1.0,
      1.0,
      1.0,
      1.0,
      1.0,
      1.0,
      1.0,
      1.0,
      1.0,
      1.0,
      1.0,
      1.0,
      1.0,
      1.0,
      1.0
    ],
    "Park City": [
      1.0,
      1.0,
      1.0,
      1.0,
      1.0,
      1.0,
      1.0,
      1.0,
      1.0,
      1.0,
      1.0,
      1.0,
      1.0,
      1.0,
      1.0,
      1.0,
      1.0,
      1.0,
      1.0,
      1.0,
      1.0,
      1.0,
      1.0,
      1.0
    ],
    "Solitude": [
      1.0,
      1.0,
      1.0,
      1.0,
      1.0,
      1.0,
      1.0,
      1.0,
      1.0,
      1.0,
      1.0,
      1.0,
      1.0,
      1.0,
      1.0,
      1.0,
      1.0,
      1.0,
      1.0,
      1.0,
      1.0,
      1.0,
      1.0,
      1.0
    ],
    "Sundance": [
      1.0,
      1.0,
      1.0,
      1.0,
      1.0,
      1.0,
      1.0,
      1.0,
      1.0,
      1.0,
      1.0,
      1.0,
      1.0,
      1.0,
      1.0,
      1.0,
      1.0,
      1.0,
      1.0,
      1.0,
      1.0,
      1.0,
      1.0,
      1.0
    ]
  },
  "variable_keys": [
    "ActivePowerPumpVariable__HydroPumpTurbine",
    "ActivePowerVariable__HydroPumpTurbine",
    "ActivePowerVariable__RenewableDispatch",
    "ActivePowerVariable__ThermalStandard",
    "OnVariable__ThermalStandard",
    "StartVariable__ThermalStandard",
    "StopVariable__ThermalStandard"
  ]
}