"scenario","stage","block","uid:1","uid:2","uid:3","uid:4","uid:5","uid:6","uid:7","uid:8","uid:9","uid:10","uid:11"
1,1,1,974.5076802852503,970,967.5234270222487,969.2144321632642,959.4758230658844,948.4119060505088,950.3781730869133,954.8475329648091,958.601551748622,957.9184300923368,952.5683969470637
