"scenario","stage","block","uid","value"
1,1,1,1,-968.77454
1,1,1,2,-970
1,1,1,3,-971.0587
1,1,1,4,-971.82153
1,1,1,5,-971.56213
1,1,1,6,-971.2674
1,1,1,7,-971.31976
1,1,1,8,-971.43884
1,1,1,9,-971.5388
1,1,1,10,-971.5206
1,1,1,11,-971.3781
