"scenario","stage","block","uid","value"
1,1,1,1,21.052631
1,1,2,1,21.052631
1,1,3,1,21.052631
1,1,4,1,21.052631
