"scenario","stage","block","uid:1"
1,1,1,0
1,1,2,6.157894736842095
1,1,3,63.157894736842096
1,1,4,0
