"scenario","stage","block","uid:1"
1,1,1,0
1,1,2,0
1,1,3,0.35947368421052633
1,1,4,0.2978947368421052
