"scenario","stage","block","uid:1"
1,1,1,6.1578947368421
1,1,2,0
1,1,3,35.94736842105264
1,1,4,29.789473684210538
