"scenario","stage","block","uid:1","uid:2","uid:3","uid:4","uid:5","uid:6","uid:7","uid:8","uid:9","uid:10","uid:11","uid:12","uid:13","uid:14"
1,1,1,20,25.492319714749634,30,32.4765729777512,30.785567836735765,40.524176934115765,45.00000000000001,45.00000000000001,51.58809394949114,49.6218269130867,45.15246703519083,41.39844825137785,42.081569907663166,47.43160305293642
