"scenario","stage","block","uid","value"
1,1,1,1,20
1,1,1,2,31.225454
1,1,1,3,30
1,1,1,4,28.941307
1,1,1,5,28.178469
1,1,1,6,28.437876
1,1,1,7,28.804535
1,1,1,8,28.804535
1,1,1,9,28.732584
1,1,1,10,28.68021
1,1,1,11,28.56116
1,1,1,12,28.461163
1,1,1,13,28.47936
1,1,1,14,28.621868
