"scenario","stage","block","uid:1","uid:2","uid:3","uid:4","uid:5","uid:6","uid:7","uid:8","uid:9","uid:10","uid:11","uid:12","uid:13","uid:14"
1,1,1,-0.00014117981052556345,0,0.000008289169472914636,0,0,0,0,0,0.00013289064105264896,0,0,0,0,0
