"scenario","stage","block","uid:1","uid:2","uid:3","uid:4","uid:5","uid:6","uid:7","uid:8","uid:9","uid:10","uid:11","uid:12","uid:13","uid:14"
1,1,1,0,-3.132408171295667,-6.283185307179586,-5.319648959438929,-3.6399204494065316,3.4798281435814062,-4.719028991307981,-1.7085478127740712,-6.283185307179586,-5.29717719606994,-1.3273332564151483,0.8785253960219838,0.0652364467933473,-5.774725856016581
