"scenario","stage","block","uid:1","uid:2","uid:3","uid:4","uid:5","uid:6","uid:7","uid:8","uid:9","uid:10","uid:11","uid:12","uid:13","uid:14","uid:15","uid:16","uid:17","uid:18","uid:19","uid:20","uid:21","uid:22","uid:23","uid:24","uid:25","uid:26","uid:27","uid:28","uid:29","uid:30","uid:31","uid:32","uid:33","uid:34","uid:35","uid:36","uid:37","uid:38","uid:39","uid:40","uid:41","uid:42","uid:43","uid:44","uid:45","uid:46","uid:47","uid:48","uid:49","uid:50","uid:51","uid:52","uid:53","uid:54","uid:55","uid:56","uid:57"
1,1,1,0,0.0007316435323333921,0.0055027042554883325,-0.0034819640688578436,-0.0024641352374223146,0.006363128611782365,0.0405482983064463,0.11346448734790186,-0.005554580406184379,-0.05153427784590607,-0.03628937851567882,-0.037334980844768585,-0.044230401657379355,-0.05016834566133592,-0.03098181377988437,-0.05183626889670145,-0.04234013216458191,-0.08094374718956628,-0.1136281537100775,-0.12001423025008022,-0.11357885294275327,-0.11260944500538074,-0.11297945128346062,-0.10308313596691125,-0.18825727596941064,-0.09457083450500986,-0.048859955618689506,-0.02281918142280383,-0.004095989333721135,-0.20407521086587782,-0.22510159523985893,-0.21325308458061498,-0.21462108458061496,-0.14683528238424476,-0.14139919783931623,-0.13443466271030774,-0.12907624787356634,-0.11164691734686152,-0.13007430194037542,-0.1352134132680139,-0.11338075919597339,-0.14675432770951163,-0.059396814345917884,-0.10078759159339983,-0.06282840768605036,-0.07828784724489998,-0.10430316843785721,-0.10629714172897345,-0.10301887213947354,-0.10988403418723922,-0.07548353145683642,-0.041494299989147596,-0.05635181105061264,-0.04498171517927007,-0.024594668994532564,-0.15518351877142225,-0.16575670986982957
