"stage","uid:1","uid:2","uid:3"
1,125.00000000000001,56.400000000000034,180
