"stage","uid:1","uid:2","uid:3","uid:4"
1,-1.427968036529678,0,-2.9734109589041093,0
