"stage","uid:1","uid:2","uid:3","uid:4"
1,121.39999999999998,0,180,120.00000000000001
