"stage","uid:1","uid:2","uid:3"
1,8.930022831050229,5.357990867579907,2.678995433789954
