"stage","uid:1","uid:2","uid:3","uid:4"
1,8.930022831050229,5.357990867579909,2.678995433789955,0.4464611872146118
