"stage","uid:1","uid:2","uid:3","uid:4"
1,8.930022831050229,4.763356164383563,2.678995433789954,0.4464611872146119
