"stage","uid:1","uid:2","uid:3","uid:4"
1,124.99999999999999,36.011495844875405,45,30
