"stage","uid:1","uid:2","uid:3","uid:4"
1,1116.2528538812785,192.94926586473426,120.55479452054799,13.393835616438356
