"stage","uid:1","uid:2","uid:3","uid:4"
1,1084.1047716894975,0,482.2191780821918,53.575342465753444
