"stage","uid:1","uid:2","uid:3"
1,0.24999999999999992,0.18800000000000008,1
