"stage","uid:1","uid:2","uid:3","uid:4"
1,0.9999999999999999,0.48015327793167206,1.0000000000000002,1
