"stage","uid:1","uid:2","uid:3","uid:4"
1,0.24279999999999993,0,1,1.0000000000000004
