"scenario","stage","block","uid:1","uid:2","uid:3","uid:4","uid:5","uid:6","uid:7","uid:8","uid:9","uid:10","uid:11","uid:12","uid:13","uid:14","uid:15","uid:16","uid:17","uid:18","uid:19","uid:20","uid:21"
1,1,1,980,958.1364005842378,944.253320371501,951.5245615298735,934.8672198126033,915.502395734041,895.9240310082529,928.6461326746874,916.3401518986946,906.7367741692466,914.9723543337399,901.7389996534973,902.9548238239975,900.7185401415893,899.5415487297955,880.1867251360017,866.579804832622,812.9046477985199,632.841256822274,270.68996236692027,0
