"scenario","stage","block","uid:1"
1,1,1,54.150000000000006
1,1,2,54.15
1,1,3,36.59999999999997
1,1,4,60
1,1,5,60
1,1,6,60
1,1,7,48.29999999999999
1,1,8,60
1,1,9,30.749999999999964
1,1,10,60
1,1,11,60
1,1,12,60
1,1,13,60
1,1,14,48.29999999999999
1,1,15,60
1,1,16,54.15
1,1,17,48.29999999999999
1,1,18,60
1,1,19,54.15
1,1,20,54.15
1,1,21,54.15
1,1,22,54.15
1,1,23,48.29999999999999
1,1,24,60
