"scenario","stage","block","uid:1"
1,1,1,0
1,1,2,0
1,1,3,18.47368421052634
1,1,4,12.315789473684227
1,1,5,6.157894736842113
1,1,6,0
1,1,7,6.157894736842113
1,1,8,0
1,1,9,24.631578947368453
1,1,10,18.47368421052634
1,1,11,12.315789473684227
1,1,12,6.157894736842113
1,1,13,0
1,1,14,6.157894736842113
1,1,15,0
1,1,16,0
1,1,17,6.157894736842113
1,1,18,0
1,1,19,0
1,1,20,0
1,1,21,0
1,1,22,0
1,1,23,6.157894736842113
1,1,24,0
