"scenario","stage","block","uid:1"
1,1,1,48.300000000000004
1,1,2,60
1,1,3,20.00000000000003
1,1,4,60
