"scenario","stage","block","uid:1"
1,1,1,6.157894736842103
1,1,2,0
1,1,3,35.9473684210526
1,1,4,29.7894736842105
