"scenario","stage","block","uid:1","uid:2","uid:3","uid:4","uid:5","uid:6","uid:7"
1,1,1,0,20,2.0816681711721685e-14,20.000000000000036,3.8163916471489756e-14,20.00000000000004,2.42861286636753e-14
