"scenario","stage","block","uid:1","uid:2","uid:3","uid:4"
1,1,1,0,-1.668085106382979,-2.331914893617021,-2.893617021276597
1,1,2,0,-0.8781752814286558,-1.2514646077680198,-1.5074910119644018
1,1,3,0,-0.825531914893617,-1.3744680851063829,-1.2851063829787235
1,1,4,0,-2.335906382978724,-3.0636936170212765,-4.187021276595745
