"scenario","stage","block","uid:1","uid:2","uid:3","uid:4"
1,1,1,0,-1.707914893617021,-2.409085106382978,-2.9483829787234037
1,1,2,0,-0.8738723404255322,-1.2431276595744682,-1.5015744680851066
1,1,3,0,-0.6893617021276596,-1.1106382978723404,-1.0978723404255322
1,1,4,0,-1.9529276595744676,-3.446672340425532,-4.110425531914894
