"scenario","stage","block","uid:1","uid:2","uid:3","uid:4","uid:5","uid:6"
1,1,1,0,1.0408340855860843e-14,20.000000000000018,20.00000000000002,20.00000000000002,20.000000000000036
