"scenario","stage","block","uid:1","uid:2","uid:3","uid:4","uid:5"
1,1,1,41.27659574468084,68.72340425531915,18.29787234042552,22.978723404255316,-2.978723404255319
1,1,2,19.1063829787234,26.893617021276583,5.191489361702124,13.914893617021276,4.085106382978723
1,1,3,38.65957446808508,65.3404255319149,17.78723404255318,20.872340425531906,-3.8723404255319056
1,1,4,21.195744680851085,31.504255319148985,6.872340425531926,14.32340425531916,2.676595744680841
1,1,5,19.1063829787234,26.893617021276583,5.191489361702124,13.914893617021276,4.085106382978723
1,1,6,22.595744680851055,31.404255319148934,5.87234042553191,16.723404255319146,5.2765957446808525
1,1,7,28.51063829787233,39.48936170212766,7.319148936170204,21.191489361702125,6.808510638297875
1,1,8,38.936170212765944,54.06382978723404,10.085106382978717,28.851063829787233,9.148936170212764
1,1,9,49.36170212765956,68.63829787234044,12.85106382978722,36.51063829787234,11.489361702127663
1,1,10,56.48936170212764,78.51063829787235,14.680851063829774,41.80851063829787,13.191489361702134
1,1,11,59.787234042553195,83.21276595744678,15.617021276595736,44.17021276595746,13.82978723404254
1,1,12,61.87234042553188,86.12765957446808,16.170212765957427,45.70212765957446,14.29787234042554
1,1,13,63.61702127659572,88.38297872340426,16.510638297872326,47.106382978723396,14.893617021276599
1,1,14,61.87234042553188,86.12765957446808,16.170212765957427,45.70212765957446,14.29787234042554
1,1,15,58.91489361702127,82.08510638297872,15.446808510638286,43.468085106382986,13.53191489361702
1,1,16,56.48936170212764,78.51063829787235,14.680851063829774,41.80851063829787,13.191489361702134
1,1,17,57.70212765957446,80.29787234042553,15.06382978723403,42.638297872340424,13.361702127659576
1,1,18,61.87234042553188,86.12765957446808,16.170212765957427,45.70212765957446,14.29787234042554
1,1,19,70.2127659574468,97.78723404255321,18.38297872340424,51.82978723404256,16.17021276595744
1,1,20,77.34042553191489,107.65957446808508,20.21276595744679,57.12765957446809,17.872340425531913
1,1,21,74.04255319148936,102.9574468085106,19.27659574468084,54.76595744680853,17.234042553191472
1,1,22,66.91489361702128,93.08510638297872,17.44680851063829,49.468085106382986,15.531914893617014
1,1,23,56.11063829787233,80.58936170212766,16.3191489361702,39.791489361702126,10.208510638297872
1,1,24,34.04255319148935,47.95744680851064,9.276595744680844,24.765957446808507,7.234042553191491
