"scenario","stage","block","uid:1","uid:2","uid:3","uid:4","uid:5","uid:6","uid:7","uid:8","uid:9","uid:10","uid:11","uid:12","uid:13","uid:14","uid:15","uid:16","uid:17","uid:18","uid:19","uid:20","uid:21","uid:22","uid:23","uid:24","uid:25","uid:26","uid:27","uid:28","uid:29","uid:30","uid:31","uid:32","uid:33","uid:34","uid:35","uid:36","uid:37","uid:38","uid:39","uid:40","uid:41","uid:42","uid:43","uid:44","uid:45","uid:46","uid:47","uid:48","uid:49","uid:50","uid:51","uid:52","uid:53","uid:54","uid:55","uid:56","uid:57"
1,1,1,0,-0.03471462055582659,-0.13754829010030015,-0.1521590015054911,-0.15962408574897644,-0.1549161759005477,-0.12834865713382754,-0.060743469421454296,-0.1873034400435416,-0.2531908066277049,-0.21322680412865236,-0.26425242243638725,-0.21795953243041263,-0.20435820306294433,-0.15878052002700682,-0.2145407345001593,-0.12773066767641053,-0.23066311039420068,-0.2662944402493633,-0.27454761858095533,-0.2714536651481154,-0.2709876003204571,-0.27157046694626563,-0.26525916801251553,-0.3499709049156431,-0.2574455401340359,-0.21548652361957893,-0.19085491347989705,-0.17299878564761906,-0.36563387723821156,-0.3862789923090855,-0.37385128985135885,-0.37521928985135883,-0.30670240184842695,-0.30120648027001284,-0.2942007496448739,-0.2885481648657798,-0.2697388668365978,-0.2897599429311201,-0.2953182956543216,-0.2861605872554684,-0.31754632764812224,-0.2352083772585689,-0.2527026336948722,-0.20162940025551637,-0.2348486013859711,-0.26305740527666255,-0.2658029689627376,-0.27046989472611305,-0.28777948614644644,-0.2713303464001444,-0.21317614979851854,-0.22949600772605067,-0.2215737215389313,-0.2045527481709031,-0.32397639611118895,-0.33308340674473824
