"scenario","stage","block","uid:1","uid:2","uid:3","uid:4"
1,1,1,205.84999999999997,0,0,54.150000000000006
1,1,2,45.82,0,60.03,54.150000000000006
1,1,3,0,0,90,19.999999999999986
1,1,4,249.99999999999997,60.020000000000074,19.98,60.00000000000001
