"scenario","stage","block","uid:1","uid:2","uid:3","uid:4","uid:5","uid:6","uid:7","uid:8","uid:9","uid:10","uid:11","uid:12","uid:13","uid:14","uid:15","uid:16","uid:17","uid:18","uid:19","uid:20","uid:21","uid:22","uid:23","uid:24","uid:25","uid:26","uid:27","uid:28","uid:29","uid:30","uid:31","uid:32","uid:33","uid:34","uid:35","uid:36","uid:37","uid:38","uid:39","uid:40","uid:41","uid:42","uid:43","uid:44","uid:45","uid:46","uid:47","uid:48","uid:49","uid:50","uid:51","uid:52","uid:53","uid:54","uid:55","uid:56","uid:57"
1,1,1,0,-0.018162684815124182,-0.07074940657532258,-0.07463410268555451,-0.06636177597685795,-0.05401168399180144,-0.01291227394491533,0.06346818997026506,-0.05006420612857079,-0.09007896798099249,-0.07902776359011034,-0.07013925927011169,-0.08534701531267544,-0.09320689620080151,-0.07618339464791597,-0.07535761019715626,-0.05468459930721973,-0.14929376762275828,-0.1740558645209557,-0.1754225507309085,-0.16000431519927336,-0.15768175364757858,-0.1581918130838193,-0.1506542877994526,-0.2352279732960922,-0.1426249286411842,-0.09950743971517631,-0.07444071828391194,-0.05631686474077549,-0.25084468122011155,-0.2713759675480205,-0.25877534617492437,-0.2601433461749244,-0.1914081909847779,-0.18589440493563686,-0.17887637530949746,-0.17350812811778238,-0.15610623253648725,-0.17448569549454135,-0.17962122299006109,-0.1565275388786581,-0.19009636878444533,-0.10224579123461981,-0.14539825757489291,-0.10776040304104645,-0.12167484246412974,-0.1480125342451681,-0.15011696687014156,-0.14573875498673733,-0.15132904903078473,-0.11473736691899117,-0.09204696196372518,-0.10602665376446449,-0.09258690272555715,-0.07017926647421012,-0.1987219306783336,-0.20943566371376024
