"scenario","stage","block","uid:1","uid:2","uid:3","uid:4","uid:5","uid:6","uid:7","uid:8","uid:9","uid:10","uid:11","uid:12","uid:13","uid:14","uid:15","uid:16","uid:17","uid:18","uid:19","uid:20","uid:21","uid:22","uid:23","uid:24","uid:25","uid:26","uid:27","uid:28","uid:29","uid:30","uid:31","uid:32","uid:33","uid:34","uid:35","uid:36","uid:37","uid:38","uid:39","uid:40","uid:41","uid:42","uid:43","uid:44","uid:45","uid:46","uid:47","uid:48","uid:49","uid:50","uid:51","uid:52","uid:53","uid:54","uid:55","uid:56","uid:57"
1,1,1,0,0.000731643532333417,0.005502704255488434,-0.003481964068857731,-0.002464135237422201,0.006363128611782479,0.04054829830644642,0.11346448734790196,-0.005554580406184238,-0.05153427784590595,-0.036289378515678684,-0.037334980844768495,-0.04423040165737925,-0.050168345661335816,-0.03098181377988426,-0.05183626889670138,-0.042340132164581885,-0.08094374718956616,-0.11362815371007741,-0.12001423025008016,-0.11357885294275329,-0.11260944500538075,-0.11297945128346062,-0.10308313596691117,-0.18825727596941058,-0.09457083450500978,-0.04885995561868937,-0.022819181422803675,-0.004095989333720979,-0.20407521086587777,-0.22510159523985887,-0.2132530845806149,-0.21462108458061488,-0.14683528238424468,-0.14139919783931615,-0.13443466271030777,-0.12907624787356634,-0.11164691734686152,-0.13007430194037542,-0.13521341326801392,-0.1133807591959733,-0.14675432770951155,-0.059396814345917745,-0.1007875915933998,-0.06282840768605027,-0.07828784724489991,-0.10430316843785717,-0.1062971417289734,-0.1030188721394734,-0.10988403418723906,-0.07548353145683633,-0.04149429998914743,-0.056351811050612474,-0.044981715179269896,-0.02459466899453242,-0.1551835187714222,-0.16575670986982954
