"scenario","stage","block","uid:1","uid:2","uid:3","uid:4","uid:5"
1,1,1,87.3872340425532,124.3127659574468,24.61702127659574,62.77021276595746,17.22978723404254
1,1,2,41.70212765957447,58.29787234042553,11.063829787234045,30.63829787234043,9.36170212765957
1,1,3,34.46808510638297,55.53191489361703,14.042553191489358,20.425531914893615,-0.4255319148936145
1,1,4,97.64638297872344,172.33361702127658,49.79148936170213,107.87489361702129,22.125106382978718
