"scenario","stage","block","uid:1","uid:2","uid:3","uid:4","uid:5"
1,1,1,85.39574468085107,120.45425531914893,23.37234042553192,62.02340425531915,17.97659574468085
1,1,2,43.6936170212766,62.1563829787234,12.30851063829787,31.38510638297873,8.61489361702127
1,1,3,34.46808510638297,55.53191489361703,14.042553191489358,20.425531914893615,-0.4255319148936145
1,1,4,97.64638297872344,172.33361702127658,49.79148936170213,107.87489361702129,22.125106382978718
