"scenario","stage","block","uid:1","uid:2","uid:3","uid:4","uid:5"
1,1,1,85.39574468085107,120.45425531914894,23.372340425531906,62.02340425531916,17.976595744680843
1,1,2,43.69361702127661,62.156382978723414,12.30851063829787,31.385106382978723,8.614893617021277
1,1,3,34.468085106382986,55.531914893617014,14.042553191489354,20.425531914893615,-0.4255319148936145
1,1,4,97.64638297872341,172.3336170212766,49.79148936170213,107.87489361702129,22.125106382978714
