"scenario","stage","block","uid:1","uid:2","uid:3","uid:4","uid:5"
1,1,1,-3.469446951953614e-15,-3.469446951953614e-15,0,0,0
1,1,2,-3.469446951953614e-15,-3.469446951953614e-15,-1.4948149101502273e-15,0,0
1,1,3,0,0,0,0,-0
1,1,4,-3.469446951953614e-15,6.938893903907228e-15,-1.0408340855860843e-14,-2.3129646346357427e-15,5.204170427930421e-15
