"scenario","stage","block","uid:1","uid:2","uid:3","uid:4","uid:5","uid:6","uid:7","uid:8","uid:9","uid:10","uid:11","uid:12","uid:13","uid:14","uid:15","uid:16","uid:17","uid:18","uid:19","uid:20","uid:21","uid:22","uid:23","uid:24","uid:25","uid:26","uid:27","uid:28","uid:29","uid:30","uid:31","uid:32","uid:33","uid:34","uid:35","uid:36","uid:37","uid:38","uid:39","uid:40","uid:41","uid:42","uid:43","uid:44","uid:45","uid:46","uid:47","uid:48","uid:49","uid:50","uid:51","uid:52","uid:53","uid:54","uid:55","uid:56","uid:57","uid:58","uid:59","uid:60","uid:61","uid:62","uid:63","uid:64","uid:65","uid:66","uid:67","uid:68","uid:69","uid:70","uid:71","uid:72","uid:73","uid:74","uid:75","uid:76","uid:77","uid:78","uid:79","uid:80"
1,1,1,123.98078769938064,120.98078769938064,39.919976516915185,5.655366851125237,1.862955672335545,-26.046587026196235,-54.435090450343026,250.6138032120541,39.24202893636884,30.570004817347577,26.084400811134117,19.402590118272798,-31.33946858863665,-68.10012934799303,174.48408794176575,104.14598762143656,118.26913673741717,40.06081118246546,-7.344633148874763,-94.95110633760288,8.765147233504301,6.465475822076893,-79.81532759650797,-61.14598762143656,-76.26913673741717,-83.3230037220064,5.201653993454393,1.901653993454393,-0.3983460065456068,3.8346488540038592,-2.4653511459961406,-16.5192978403374,-25.819297840337402,-30.4192978403374,7.753946694340833,4.153946694340833,-1.6460533056591657,3.8,-7.046053305659166,-13.046053305659166,-15.444220707907476,-18.64152431038852,3.1973036024810435,2.398167402248312,-4.2329948605494705,8.916403520640308,-12.367041261383363,-29.121766054231784,41.483535133369756,11.783535133369757,3.6177719095933476,13.523118297135461,-7.476881702864539,21.485221471069238,16.58522147106924,-3.4147785289307606,-7.51477852893076,-41.121766054231784,-6.888125474630343,-1.8164035206403089,-3.5026963975189567,0.4130101070707326,-8.165763223776406,-14.14488448445217,-18.256769509002222,-0.3983460065456068,-7.166813612785749,-6.887133081555084,16.5192978403374,-68.90451931140664,-7.046053305659166,-9.737487733887317,-41.121766054231784,-41.483535133369756,-25.47688170286454,-27.492336280471406,-14.367041261383363,-2.398167402248312,-3.1973036024810435,-14.31477852893076
