"scenario","stage","block","uid:1","uid:2","uid:3","uid:4","uid:5","uid:6","uid:7","uid:8","uid:9","uid:10","uid:11","uid:12","uid:13","uid:14","uid:15","uid:16","uid:17","uid:18","uid:19","uid:20","uid:21","uid:22","uid:23","uid:24","uid:25","uid:26","uid:27","uid:28","uid:29","uid:30","uid:31","uid:32","uid:33","uid:34","uid:35","uid:36","uid:37","uid:38","uid:39","uid:40","uid:41","uid:42","uid:43","uid:44","uid:45","uid:46","uid:47","uid:48","uid:49","uid:50","uid:51","uid:52","uid:53","uid:54","uid:55","uid:56","uid:57","uid:58","uid:59","uid:60","uid:61","uid:62","uid:63","uid:64","uid:65","uid:66","uid:67","uid:68","uid:69","uid:70","uid:71","uid:72","uid:73","uid:74","uid:75","uid:76","uid:77","uid:78","uid:79","uid:80"
1,1,1,-2.6130126154764,-5.6130126154764,24.548274110235468,-0.7710824480572187,-6.652089649081221,-33.51487224967053,-61.90829984746792,235.68132228531917,27.38516821901233,36.24386569515854,10.773017097825157,24.478367880503146,13.68189862662804,-15.245785819902167,34.04594920866414,25.163237328495853,39.20382607831658,68.83871327428811,-13.771082448057218,-102.41037786721287,-11.251423931170748,10.848392270082691,11.888656573466832,17.836762671504147,2.796173921683419,-35.07592665713264,4.771446207373899,1.4714462073738988,-0.8285537926261011,2.434251829472899,-3.865748170527101,-17.996409010362342,-27.296409010362343,-31.89640901036234,7.830660839835235,4.2306608398352346,-1.5693391601647644,3.8,-6.969339160164765,-12.969339160164765,-14.640477696014841,-17.273865735089004,2.6333880390741085,1.6711385358500728,-3.2628056220989947,9.481127418618822,-13.10289923545037,-18.56295000591745,38.257825283760624,8.557825283760625,-2.54129425542628,5.363407849816921,-15.636592150183079,19.999096607179926,15.099096607179925,-4.900903392820075,-9.000903392820074,-30.56295000591745,-7.614346006456991,-2.3811274186188225,-4.066611960925892,-4.874601812083611,-11.099119539186916,-13.957078039767287,-18.014368167606612,-0.8285537926261011,-7.205934010363741,-6.924726829471496,17.996409010362342,-68.89550561754234,-6.969339160164765,-10.29257418962544,-30.56295000591745,-38.257825283760624,-33.63659215018308,-30.779303917326796,-15.10289923545037,-1.6711385358500728,-2.6333880390741085,-15.800903392820075
