"scenario","stage","block","uid:1","uid:2","uid:3","uid:4","uid:5","uid:6","uid:7","uid:8","uid:9","uid:10","uid:11","uid:12","uid:13","uid:14","uid:15","uid:16","uid:17","uid:18","uid:19","uid:20","uid:21","uid:22","uid:23","uid:24","uid:25","uid:26","uid:27","uid:28","uid:29","uid:30","uid:31","uid:32","uid:33","uid:34","uid:35","uid:36","uid:37","uid:38","uid:39","uid:40","uid:41","uid:42","uid:43","uid:44","uid:45","uid:46","uid:47","uid:48","uid:49","uid:50","uid:51","uid:52","uid:53","uid:54","uid:55","uid:56","uid:57","uid:58","uid:59","uid:60","uid:61","uid:62","uid:63","uid:64","uid:65","uid:66","uid:67","uid:68","uid:69","uid:70","uid:71","uid:72","uid:73","uid:74","uid:75","uid:76","uid:77","uid:78","uid:79","uid:80"
1,1,1,-1.0408340855860843e-14,-1.0408340855860843e-14,-1.0408340855860843e-14,-1.734723475976807e-15,-3.469446951953614e-15,2.2041192400646493e-15,-5.577687476948545e-16,-9.974659986866641e-15,1.734723475976807e-15,-6.938893903907228e-15,2.6020852139652106e-15,3.469446951953614e-15,0,6.938893903907228e-15,-2.0816681711721685e-14,-7.806255641895632e-15,-7.806255641895632e-15,0,-1.734723475976807e-15,-9.416891239171786e-15,3.469446951953614e-15,6.938893903907228e-15,-6.938893903907228e-15,7.806255641895632e-15,7.806255641895632e-15,6.938893903907228e-15,-4.3368086899420177e-16,-4.3368086899420177e-16,-4.3368086899420177e-16,0,0,1.734723475976807e-15,1.734723475976807e-15,1.734723475976807e-15,-1.0842021724855044e-16,-1.0842021724855044e-16,-1.0842021724855044e-16,0,-1.0842021724855044e-16,-1.0842021724855044e-16,-6.938893903907228e-15,6.938893903907228e-15,8.673617379884035e-16,8.673617379884035e-16,0,0,-8.673617379884035e-16,3.469446951953614e-15,-1.734723475976807e-15,-1.734723475976807e-15,-1.734723475976807e-15,1.734723475976807e-15,1.734723475976807e-15,-8.673617379884035e-16,-8.673617379884035e-16,-8.673617379884035e-16,-8.673617379884035e-16,3.469446951953614e-15,0,0,8.673617379884035e-16,0,6.938893903907228e-15,8.673617379884035e-16,8.673617379884035e-16,-4.3368086899420177e-16,0,0,-1.734723475976807e-15,3.469446951953614e-15,-1.0842021724855044e-16,-1.3010426069826053e-15,3.469446951953614e-15,1.734723475976807e-15,1.734723475976807e-15,3.469446951953614e-15,-8.673617379884035e-16,-8.673617379884035e-16,-8.673617379884035e-16,-8.673617379884035e-16
