"scenario","stage","block","uid:1","uid:2","uid:3","uid:4","uid:5","uid:6","uid:7","uid:8","uid:9","uid:10","uid:11","uid:12","uid:13","uid:14","uid:15","uid:16","uid:17","uid:18","uid:19","uid:20","uid:21","uid:22","uid:23","uid:24","uid:25","uid:26","uid:27","uid:28","uid:29","uid:30","uid:31","uid:32","uid:33","uid:34","uid:35","uid:36","uid:37","uid:38","uid:39","uid:40","uid:41","uid:42","uid:43","uid:44","uid:45","uid:46","uid:47","uid:48","uid:49","uid:50","uid:51","uid:52","uid:53","uid:54","uid:55","uid:56","uid:57","uid:58","uid:59","uid:60","uid:61","uid:62","uid:63","uid:64","uid:65","uid:66","uid:67","uid:68","uid:69","uid:70","uid:71","uid:72","uid:73","uid:74","uid:75","uid:76","uid:77","uid:78","uid:79","uid:80"
1,1,1,3.997523703731762e-18,3.6839424438089265e-17,4.259597723635958e-17,2.3260693028734693e-16,3.5739493553690004e-16,-7.64561983612062e-17,-4.716864744417425e-17,-1.9150497932764283e-17,-4.181515109199142e-17,-2.3999738004670615e-17,-6.454257890858194e-17,-6.536189573949466e-17,-4.4121990223392474e-18,-1.988474621114982e-17,2.744387002336657e-16,0,0,-7.499918126459565e-17,5.4851795295796274e-17,-3.007822866737803e-17,-5.9059667361838305e-18,-6.954445263079115e-18,-1.0400543392881205e-17,0,0,-6.955638031846389e-18,2.610025129708074e-16,1.0477146216235155e-16,7.614392668884613e-18,5.1405633200938e-19,1.4581542492454443e-16,5.981081615722597e-17,8.437407892267012e-18,3.1943941212225173e-18,-7.565628812943914e-18,-4.579890225116321e-17,-1.0569055886918818e-16,0,-1.128058173168091e-18,-5.346762119301597e-19,1.1455361876571752e-19,2.8314955448647513e-18,-2.7665974279491056e-19,-8.052748213428337e-19,-7.440786471276654e-19,-4.594704795799445e-17,0,-5.07626177925641e-18,-8.232204969418635e-20,-9.665185458148104e-21,-2.1062400704667427e-18,1.3980355327828355e-17,4.129938951824294e-17,-1.7079445884328026e-17,-4.729124640160118e-18,-2.6288544004062788e-17,-2.505687902482963e-17,-2.2881024692108657e-17,2.235357405989716e-16,4.647065681417898e-17,-1.3020097752686174e-17,0,-2.526897763352907e-19,0,-1.0284909083766271e-16,3.355599771368357e-16,2.7562095626648444e-16,-1.7948251022492375e-17,-2.0741233318928657e-18,5.94368346888791e-18,-1.6839457353629494e-16,1.4488385815443834e-16,-1.61052590970635e-17,9.617739899663022e-20,4.32571853717689e-18,1.9862610843260136e-17,0,5.295513717088637e-16,3.536275884079236e-16,-7.091933544050843e-18
