"scenario","stage","block","uid:1","uid:2","uid:3","uid:4","uid:5"
1,1,1,104.25531914893618,145.74468085106383,27.659574468085108,76.59574468085108,23.404255319148938
