"scenario","stage","block","uid:1"
1,1,1,0
1,1,2,13.810526
1,1,3,13.810526
1,1,4,13.810526
1,1,5,13.810526
1,1,6,13.810526
1,1,7,13.810526
1,1,8,13.810526
1,1,9,13.810526
1,1,10,13.810526
1,1,11,13.810526
1,1,12,70.810524
1,1,13,127.810524
1,1,14,184.81053
1,1,15,196.21053
1,1,16,196.21053
1,1,17,196.21053
1,1,18,196.21053
1,1,19,166.10527
1,1,20,102.947365
1,1,21,44.42105
1,1,22,3.7894738
1,1,23,0
1,1,24,0
