"scenario","stage","block","uid:1"
1,1,1,42.45000000000004
1,1,2,60
1,1,3,60
1,1,4,24.900000000000063
1,1,5,60
1,1,6,60
1,1,7,60
1,1,8,60
1,1,9,60
1,1,10,54.15000000000001
1,1,11,54.15000000000001
1,1,12,47.3500000000001
1,1,13,32
1,1,14,60
1,1,15,47.999999999999986
1,1,16,54.15000000000001
1,1,17,54.15000000000001
1,1,18,54.15000000000001
1,1,19,60
1,1,20,60
1,1,21,60
1,1,22,60
1,1,23,60
1,1,24,54.15000000000001
