"scenario","stage","block","uid:1","uid:2","uid:3","uid:4"
1,1,1,205.85000000000002,0,0,54.15
1,1,2,45.82000000000002,0,60.03,54.15
1,1,3,0,0,90,20.00000000000003
1,1,4,250,60.02000000000001,19.98,60
