"scenario","stage","block","uid:1"
1,1,1,54.150000000000006
1,1,2,54.150000000000006
1,1,3,54.150000000000006
1,1,4,0
1,1,5,60
1,1,6,60
1,1,7,60
1,1,8,60
1,1,9,60
1,1,10,55.65000000000003
1,1,11,60
1,1,12,60
1,1,13,60
1,1,14,60
1,1,15,30.75000000000001
1,1,16,60
1,1,17,60
1,1,18,60
1,1,19,60
1,1,20,30.75000000000001
1,1,21,60
1,1,22,60
1,1,23,60
1,1,24,60
