"scenario","stage","block","uid:1"
1,1,1,54.150000000000006
1,1,2,24.900000000000013
1,1,3,60
1,1,4,60
1,1,5,60
1,1,6,60
1,1,7,54.150000000000006
1,1,8,60
1,1,9,42.45000000000001
1,1,10,60
1,1,11,60
1,1,12,54.150000000000006
1,1,13,42.05000000000001
1,1,14,37
1,1,15,54.15000000000001
1,1,16,60
1,1,17,48.300000000000004
1,1,18,54.150000000000006
1,1,19,60
1,1,20,60
1,1,21,60
1,1,22,60
1,1,23,60
1,1,24,54.150000000000006
