"scenario","stage","block","uid:1"
1,1,1,6.157894736842101
1,1,2,6.157894736842101
1,1,3,63.15789473684209
1,1,4,0
