"scenario","stage","block","uid:1"
1,1,1,-21.05263157894737
1,1,2,-21.05263157894737
1,1,3,-21.05263157894737
1,1,4,-21.509252583513582
