"scenario","stage","block","uid:1"
1,1,1,59.99999999999999
1,1,2,59.99999999999999
1,1,3,59.99999999999999
1,1,4,59.99999999999999
