"scenario","stage","block","uid:1"
1,1,1,60.00000000000001
1,1,2,60.00000000000001
1,1,3,60.00000000000001
1,1,4,60.00000000000001
