"scenario","stage","block","uid:1"
1,1,1,0
1,1,2,3.469446951953614e-15
1,1,3,0
1,1,4,19.566210045662103
