"scenario","stage","block","uid:1"
1,1,1,48.300000000000004
1,1,2,60.00000000000001
1,1,3,48.300000000000004
1,1,4,60.00000000000001
