"scenario","stage","block","uid:1"
1,1,1,54.150000000000006
1,1,2,54.150000000000006
1,1,3,48.30000000000001
1,1,4,60
