"scenario","stage","block","uid:1"
1,1,1,0
1,1,2,19.00000000000001
1,1,3,0
1,1,4,0.45662100456620996
