"scenario","stage","block","uid:1"
1,1,1,0
1,1,2,0.19000000000000006
1,1,3,0
1,1,4,0.004566210045662101
