"scenario","stage","block","uid:1"
1,1,1,-1899.9999999999993
1,1,2,-1899.9999999999993
1,1,3,0
1,1,4,-0.45662100456621024
