"scenario","stage","block","uid:1"
1,1,1,-979.9999999999999
1,1,2,-979.9999999999999
1,1,3,-979.9999999999999
1,1,4,-980
1,1,5,-980
1,1,6,-980
1,1,7,-980
1,1,8,-979.9999999999999
1,1,9,-980
1,1,10,-980
1,1,11,-980
1,1,12,-980
1,1,13,-980
1,1,14,-980
1,1,15,-980
1,1,16,-980
1,1,17,-980
1,1,18,-960
1,1,19,-927.8520547945205
1,1,20,-927.8520547945205
1,1,21,-927.8520547945205
1,1,22,-927.8520547945205
1,1,23,-927.8520547945205
1,1,24,-927.8520547945205
