"scenario","stage","block","uid:1"
1,1,1,-20.000000000000004
1,1,2,-20
1,1,3,-20
1,1,4,-20
1,1,5,-20
1,1,6,-20
1,1,7,-20
1,1,8,-20
1,1,9,-20.000000000000004
1,1,10,-20
1,1,11,-20
1,1,12,0
1,1,13,0
1,1,14,0
1,1,15,0
1,1,16,-0.22560922855082913
1,1,17,-0.22560922855082913
1,1,18,-0.22560922855082913
1,1,19,-0.22560922855082913
1,1,20,-0.22560922855082913
1,1,21,-0.22560922855082913
1,1,22,-0.22560922855082913
1,1,23,-0.22560922855082913
1,1,24,-0.22560922855082913
