"scenario","stage","block","uid:1","uid:2","uid:3"
1,1,1,38.90025663085981,122.43698104224012,106.74405242537293
