"scenario","stage","block","uid:1"
1,1,1,21.052631
1,1,2,21.052631
1,1,3,21.052631
1,1,4,21.052631
