"scenario","stage","block","uid:1"
1,1,1,25.157894
1,1,2,25.157894
1,1,3,63.157894
1,1,4,0
