"scenario","stage","block","uid:1"
1,1,1,54.150000000000006
1,1,2,54.150000000000006
1,1,3,19.999999999999986
1,1,4,60.00000000000001
