"scenario","stage","block","uid:1","uid:2","uid:3","uid:4","uid:5","uid:6","uid:7","uid:8","uid:9","uid:10","uid:11","uid:12","uid:13","uid:14","uid:15","uid:16","uid:17","uid:18","uid:19","uid:20","uid:21","uid:22","uid:23","uid:24","uid:25","uid:26","uid:27","uid:28","uid:29","uid:30","uid:31","uid:32","uid:33","uid:34","uid:35","uid:36","uid:37","uid:38","uid:39","uid:40","uid:41"
1,1,1,194.39324397105293,89.00675602894707,39.19804617814404,86.60675602894706,76.94097689641956,56.55422089648933,76.37218654365829,-17.259023103580436,40.05902310358044,29.615621265782348,7.508406351098905,16.738419735894702,6.385789576439207,1.308406351098905,2.8857895764392074,5.627650088100177,2.4276500881001777,-7.072349911899821,9.272349911899822,6.114210423560793,15.290663054852327,7.292397004022343,-2.2093369451476734,4.21917599889343,5.083060058874669,1.0191759988934304,-2.5977639422319,3.5,-6.0977639422319,6.064718276354245,6.935281723645755,3.664718276354245,-0.3843787342176524,19.482142676449552,27.844289404176692,15.925330990158594,-0,-27.844289404176692,41.83261566343282,-0,19.0977639422319
