"scenario","stage","block","uid:1","uid:2","uid:3","uid:4","uid:5","uid:6","uid:7","uid:8","uid:9","uid:10","uid:11","uid:12","uid:13","uid:14","uid:15","uid:16","uid:17","uid:18","uid:19","uid:20","uid:21","uid:22","uid:23","uid:24","uid:25","uid:26","uid:27","uid:28","uid:29","uid:30","uid:31","uid:32","uid:33","uid:34","uid:35","uid:36","uid:37","uid:38","uid:39","uid:40","uid:41"
1,1,1,77.7859878731552,65.61401212684461,50.44646839525457,63.214012126844615,80.68013846306998,64.9593810148306,64.97070803523953,-13.519861536930005,36.319861536930006,29.643735535627716,7.41809569673265,16.422886498707026,6.048790291419981,1.21809569673265,2.548790291419981,5.437002375762454,2.2370023757624544,-7.262997624237545,9.462997624237545,6.451209708580019,15.335016546917736,7.3215418937384715,-2.1649834530822636,4.003979819677251,5.156558440656208,0.8039798196772505,-2.739461739666254,3.5,-6.239461739666252,6.064718276354245,6.935281723645755,3.664718276354245,-0.3562644643722846,19.595726204038506,28.22671140738164,16.144054366092373,-0,-28.22671140738164,41.089772486859665,-0,19.239461739666254
