"scenario","stage","block","uid:1","uid:2","uid:3","uid:4","uid:5"
1,1,1,41.276595744680854,68.72340425531915,18.297872340425528,22.97872340425532,-2.9787234042553195
1,1,2,19.106382978723406,26.893617021276597,5.1914893617021285,13.914893617021278,4.085106382978722
1,1,3,18.23404255319149,25.76595744680851,5.02127659574468,13.21276595744681,3.787234042553189
1,1,4,18.23404255319149,25.76595744680851,5.02127659574468,13.21276595744681,3.787234042553189
1,1,5,19.106382978723406,26.893617021276597,5.1914893617021285,13.914893617021278,4.085106382978722
1,1,6,22.595744680851066,31.404255319148938,5.872340425531913,16.723404255319153,5.276595744680847
1,1,7,28.510638297872344,39.48936170212767,7.31914893617021,21.191489361702132,6.808510638297868
1,1,8,41.89787234042554,59.802127659574495,11.936170212765962,29.96170212765959,8.038297872340411
1,1,9,49.36170212765958,68.63829787234043,12.851063829787227,36.51063829787235,11.489361702127653
1,1,10,56.489361702127674,78.51063829787235,14.680851063829781,41.808510638297875,13.191489361702125
1,1,11,59.787234042553195,83.2127659574468,15.617021276595743,44.17021276595745,13.829787234042549
1,1,12,82.29787234042554,125.70212765957449,28.93617021276595,53.36170212765959,6.638297872340409
1,1,13,63.61702127659574,88.38297872340425,16.510638297872344,47.1063829787234,14.893617021276597
1,1,14,61.872340425531924,86.12765957446808,16.170212765957444,45.70212765957447,14.297872340425528
1,1,15,58.914893617021285,82.08510638297875,15.446808510638292,43.468085106382986,13.531914893617014
1,1,16,56.489361702127674,78.51063829787235,14.680851063829781,41.808510638297875,13.191489361702125
1,1,17,57.70212765957447,80.29787234042553,15.063829787234038,42.63829787234043,13.36170212765957
1,1,18,61.872340425531924,86.12765957446808,16.170212765957444,45.70212765957447,14.297872340425528
1,1,19,70.2127659574468,97.7872340425532,18.382978723404253,51.82978723404256,16.170212765957437
1,1,20,77.3404255319149,107.65957446808511,20.2127659574468,57.1276595744681,17.872340425531902
1,1,21,74.04255319148938,102.95744680851065,19.276595744680847,54.765957446808514,17.234042553191486
1,1,22,66.91489361702128,93.08510638297872,17.446808510638295,49.468085106382986,15.531914893617014
1,1,23,56.11063829787234,80.58936170212766,16.319148936170212,39.79148936170213,10.208510638297867
1,1,24,34.04255319148937,47.95744680851064,9.276595744680849,24.765957446808514,7.234042553191486
