"scenario","stage","block","uid:1","uid:2","uid:3","uid:4","uid:5"
1,1,1,69.25871339738589,0,72.65084562314259,100,17.090440979471527
