"scenario","stage","block","uid:1"
1,1,1,-20
1,1,2,-20
1,1,3,-20
1,1,4,-20
1,1,5,-20
1,1,6,-20
1,1,7,-20.000000000000004
1,1,8,-20.000000000000004
1,1,9,-20
1,1,10,-20
1,1,11,-20.000000000000004
1,1,12,-20.000000000000004
1,1,13,0
1,1,14,-20
1,1,15,-19.999999999999996
1,1,16,-20
1,1,17,-20
1,1,18,-40
1,1,19,-72.14794520547946
1,1,20,-72.14794520547943
1,1,21,-72.14794520547943
1,1,22,-72.14794520547943
1,1,23,-39.999999999999986
1,1,24,-20
