"scenario","stage","block","uid:1"
1,1,1,0
1,1,2,0
1,1,3,0
1,1,4,0
1,1,5,0
1,1,6,0
1,1,7,0
1,1,8,0
1,1,9,0
1,1,10,0
1,1,11,0
1,1,12,1.0499999999999798
1,1,13,0
1,1,14,17.149999999999995
1,1,15,6.150000000000039
1,1,16,0
1,1,17,0
1,1,18,0
1,1,19,0
1,1,20,0
1,1,21,0
1,1,22,0
1,1,23,0
1,1,24,0
