"scenario","stage","block","uid:1"
1,1,1,20
1,1,2,20
1,1,3,20
1,1,4,20
1,1,5,20
1,1,6,20
1,1,7,20.000000000000004
1,1,8,20.000000000000004
1,1,9,20.000000000000004
1,1,10,19.999999999999993
1,1,11,19.999999999999993
1,1,12,19.999999999999996
1,1,13,0
1,1,14,19.999999999999993
1,1,15,20
1,1,16,19.99999999999999
1,1,17,20.000000000000007
1,1,18,20
1,1,19,42.5609228550829
1,1,20,144.0768565248739
1,1,21,42.56092285508291
1,1,22,42.56092285508291
1,1,23,42.56092285508291
1,1,24,20
