"scenario","stage","block","uid:1"
1,1,1,0
1,1,2,0
1,1,3,0
1,1,4,0
1,1,5,0
1,1,6,0
1,1,7,0
1,1,8,0
1,1,9,0
1,1,10,1.5840209102858296
1,1,11,52.03735501040373
1,1,12,89.28661382098903
1,1,13,113.26362063002952
1,1,14,103.08253853145649
1,1,15,79.6292044313386
1,1,16,42.67587033122072
1,1,17,0
1,1,18,0
1,1,19,0
1,1,20,0
1,1,21,0
1,1,22,0
1,1,23,0
1,1,24,0
