"scenario","stage","block","uid:1"
1,1,1,18.04999999999999
1,1,2,18.04999999999999
1,1,3,0
1,1,4,0.004337899543378997
