"scenario","stage","block","uid:1"
1,1,1,-19.99999999999999
1,1,2,-19.99999999999999
1,1,3,0
1,1,4,-0.0048065368901706335
