"scenario","stage","block","uid","value"
1,1,19,1,4.360355
1,1,20,1,95.07297
1,1,21,1,4.360355
1,1,22,1,4.360355
1,1,23,1,4.360355
