"scenario","stage","block","uid:1"
1,1,1,54.15
1,1,2,54.15
1,1,3,54.15
1,1,4,54.15
1,1,5,54.15
1,1,6,54.15
1,1,7,54.15
1,1,8,54.15
1,1,9,54.15
1,1,10,54.15
1,1,11,54.15
1,1,12,54.15
1,1,13,48.199999999999974
1,1,14,37.00000000000003
1,1,15,47.999999999999986
1,1,16,60
1,1,17,60
1,1,18,42.449999999999996
1,1,19,60
1,1,20,60
1,1,21,60
1,1,22,60
1,1,23,60
1,1,24,54.15
