"scenario","stage","block","uid:1"
1,1,1,24.900000000000013
1,1,2,54.15000000000001
1,1,3,54.15000000000001
1,1,4,60
1,1,5,60
1,1,6,60
1,1,7,42.45000000000001
1,1,8,60
1,1,9,60
1,1,10,60
1,1,11,60
1,1,12,45.999999999999986
1,1,13,56.349999999999994
1,1,14,37
1,1,15,48
1,1,16,60
1,1,17,60
1,1,18,42.45000000000001
1,1,19,60
1,1,20,60
1,1,21,60
1,1,22,60
1,1,23,60
1,1,24,54.150000000000006
