"scenario","stage","block","uid:1"
1,1,1,0
1,1,2,0
1,1,3,0
1,1,4,0
1,1,5,0
1,1,6,0
1,1,7,0
1,1,8,0
1,1,9,0
1,1,10,0
1,1,11,0
1,1,12,0
1,1,13,6.263157894736867
1,1,14,24.3157894736842
1,1,15,30.78947368421053
1,1,16,24.631578947368425
1,1,17,18.47368421052632
1,1,18,30.78947368421053
1,1,19,24.631578947368425
1,1,20,18.47368421052632
1,1,21,12.315789473684212
1,1,22,6.157894736842106
1,1,23,0
1,1,24,-0
