"scenario","stage","block","uid:1","uid:2","uid:3","uid:4","uid:5"
1,1,1,2.1684043449710089e-16,2.1684043449710089e-16,-5.421010862427522e-17,-1.0842021724855044e-16,1.0842021724855044e-16
1,1,2,2.1684043449710089e-16,2.1684043449710089e-16,-5.421010862427522e-17,-1.0842021724855044e-16,1.0842021724855044e-16
1,1,3,0,0,0,0,0
1,1,4,0,-1.1072703038149834e-16,6.920439398843646e-17,0,0
