"scenario","stage","block","uid:1","uid:2","uid:3","uid:4"
1,1,1,205.84999999999997,0,-0,54.15
1,1,2,45.81999999999999,0,60.03,54.15
1,1,3,0,0,61.7,48.3
1,1,4,250,60.01999999999998,19.98,60
