"scenario","stage","block","uid:1","uid:2","uid:3","uid:4"
1,1,1,211.7,0,-0,48.300000000000004
1,1,2,39.97,0,60.03,60
1,1,3,0,0,90,20.00000000000003
1,1,4,250,60.01999999999999,19.98,60
