"scenario","stage","block","uid:1","uid:2","uid:3","uid:4","uid:5","uid:6","uid:7","uid:8","uid:9","uid:10","uid:11","uid:12","uid:13","uid:14","uid:15","uid:16","uid:17","uid:18","uid:19","uid:20","uid:21","uid:22","uid:23","uid:24","uid:25","uid:26","uid:27","uid:28","uid:29","uid:30"
1,1,1,-18.650512751628035,20,41.86359941576233,55.74667962849898,48.475438470126555,76.90779760822569,65.13278018739675,84.49760426595901,80.62537216632762,104.07596899174706,40,71.35386732531275,40,83.65984810130541,93.26322583075338,85.02764566626016,98.26100034650268,97.04517617600249,99.28145985841067,100.45845127020443,119.81327486399849,124.77189193456101,133.42019516737795,187.0953522014801,367.158743177726,367.158743177726,481.31193180695584,120.6395407313557,729.3100376330798,1000
