"scenario","stage","block","uid:1","uid:2","uid:3","uid:4","uid:5","uid:6","uid:7","uid:8","uid:9","uid:10","uid:11","uid:12","uid:13","uid:14","uid:15","uid:16","uid:17","uid:18","uid:19","uid:20","uid:21","uid:22","uid:23","uid:24","uid:25","uid:26","uid:27","uid:28","uid:29","uid:30"
1,1,1,0,-0.12956975296648474,0.37225953374023096,0.5486229013477052,0.23980288741077563,1.329816718952368,-0.2169243627971807,3.7551320567904494,0.5544347334118401,-2.88525075468388,6.283185307179586,-0.14555648686764205,6.283185307179585,-2.2825419929790436,-2.71206907219142,-2.013041578382019,-3.1473261687102267,-4.308522229906487,-4.8390719231640915,-4.472308603825989,-4.0202522327275485,-3.9648761964369026,-3.989978620705069,-4.83407554198569,-4.597758386816583,-5.927758386816583,-3.7174924989557296,1.3042527131622699,-5.464378751840104,-6.283185307179586
