"scenario","stage","block","uid:1","uid:2","uid:3","uid:4","uid:5"
1,1,1,85.39574468085104,120.45425531914893,23.3723404255319,62.02340425531915,17.976595744680846
1,1,2,43.693617021276594,62.15638297872341,12.308510638297863,31.385106382978723,8.614893617021274
1,1,3,34.46808510638298,55.53191489361702,14.042553191489365,20.42553191489361,-0.4255319148936141
1,1,4,97.64638297872332,172.3336170212766,49.79148936170214,107.87489361702126,22.12510638297875
