"scenario","stage","block","uid:1","uid:2","uid:3","uid:4","uid:5"
1,1,1,92.4194,134.06259,27.762127,64.65727,15.342724
1,1,2,41.70213,58.29787,11.063829,30.638298,9.361702
1,1,3,34.468086,55.531914,14.042553,20.425531,-0.4255319
1,1,4,116.79532,153.18468,24.259575,92.55575,37.444256
