"scenario","stage","block","uid:1","uid:2","uid:3","uid:4","uid:5","uid:6","uid:7","uid:8","uid:9","uid:10","uid:11","uid:12","uid:13","uid:14","uid:15","uid:16","uid:17","uid:18","uid:19","uid:20","uid:21","uid:22","uid:23","uid:24","uid:25","uid:26","uid:27","uid:28","uid:29","uid:30","uid:31","uid:32","uid:33","uid:34","uid:35","uid:36","uid:37","uid:38","uid:39","uid:40","uid:41","uid:42","uid:43","uid:44","uid:45","uid:46","uid:47","uid:48","uid:49","uid:50","uid:51","uid:52","uid:53","uid:54","uid:55","uid:56","uid:57"
1,1,1,0,0.0007316435323333873,0.005502704255488314,-0.0034819640688578744,-0.002464135237422343,0.006363128611782336,0.04054829830644626,0.11346448734790178,-0.00555458040618447,-0.05153427784590616,-0.03628937851567888,-0.03733498084476865,-0.04423040165737941,-0.050168345661335954,-0.03098181377988438,-0.0518362688967015,-0.042340132164581934,-0.0809437471895663,-0.11362815371007748,-0.12001423025008015,-0.11357885294275319,-0.11260944500538064,-0.11297945128346054,-0.10308313596691118,-0.18825727596941064,-0.09457083450500979,-0.048859955618689506,-0.022819181422803852,-0.004095989333721159,-0.2040752108658778,-0.22510159523985887,-0.21325308458061507,-0.21462108458061505,-0.1468352823842447,-0.14139919783931618,-0.13443466271030768,-0.12907624787356625,-0.11164691734686145,-0.13007430194037534,-0.1352134132680138,-0.11338075919597346,-0.14675432770951174,-0.059396814345917946,-0.10078759159339974,-0.06282840768605033,-0.07828784724489998,-0.1043031684378572,-0.1062971417289734,-0.10301887213947353,-0.10988403418723923,-0.07548353145683658,-0.04149429998914761,-0.056351811050612655,-0.04498171517927008,-0.024594668994532644,-0.1551835187714224,-0.16575670986982968
