"scenario","stage","block","uid:1","uid:2","uid:3","uid:4","uid:5","uid:6","uid:7","uid:8","uid:9","uid:10","uid:11","uid:12","uid:13","uid:14","uid:15","uid:16","uid:17","uid:18","uid:19","uid:20"
1,1,1,52.93912745133796,16.319585946047937,15.915427266171235,12.404950023498543,2.9187501616681883,-5.633727110686177,-39.88906459350269,-2.872130681574923,1.7324181878899942,-28.250728485786592,24.168735042717714,10.168886077789853,26.21165039370583,-17.090440979471527,14.218310297896604,-11.668735042717712,-1.8805364714956878,-20.668735042717714,4.0688860777898554,16.780536471495687
