"scenario","stage","block","uid:1","uid:2","uid:3","uid:4","uid:5","uid:6","uid:7","uid:8","uid:9","uid:10","uid:11","uid:12","uid:13","uid:14","uid:15","uid:16","uid:17","uid:18","uid:19","uid:20"
1,1,1,-0.09282270939242245,-0.04835710113314099,-0.022769511972775495,-0.03961123674569858,-0.03044196067394854,-0.01448034249986086,0.04015685445299061,-0.059886318966377076,-0.03436211473217292,-0.038642207354098894,-0.02326943238348449,-0.003417658876752606,-0.011955116093861873,0,-0.05988631896637707,0.023269432383484494,0.01537277497061448,0.023269432383484487,-0.003417658876752606,-0.01537277497061448
