"scenario","stage","block","uid:1","uid:2","uid:3","uid:4","uid:5","uid:6"
1,1,1,0,5.401667627957794,100,100,27.542070066191087,45.91958424319448
