"scenario","stage","block","uid:1","uid:2","uid:3","uid:4","uid:5","uid:6"
1,1,1,38.650512751628035,0,-8.475438470126551,-44.497604265959,0,0
