"scenario","stage","block","uid:1","uid:2","uid:3","uid:4","uid:5"
1,1,1,104.2553191489362,145.7446808510638,27.659574468085115,76.59574468085108,23.404255319148916
