"scenario","stage","block","uid:1","uid:2","uid:3","uid:4","uid:5","uid:6","uid:7","uid:8","uid:9","uid:10","uid:11","uid:12","uid:13","uid:14","uid:15","uid:16","uid:17","uid:18","uid:19","uid:20","uid:21","uid:22","uid:23","uid:24","uid:25","uid:26","uid:27","uid:28","uid:29","uid:30","uid:31","uid:32","uid:33","uid:34","uid:35","uid:36","uid:37","uid:38","uid:39","uid:40","uid:41"
1,1,1,2.253387008112778,-2.253387008112778,-3.904390640841623,-4.653387008112778,-1.8626961188969264,-8.277858604190879,-18.8694158841706,3.9373038811030714,18.86269611889693,-57.7456032818591,8.35086168859477,19.68184497947682,9.398515810339092,2.1508616885947722,5.898515810339092,7.306421774439667,4.106421774439667,-5.393578225560332,7.593578225560331,3.1014841896609084,15.153557784294655,7.202304481341052,-2.346442215705345,6.326284893631927,4.855862265635679,3.1262848936319267,-0.7178528407324034,3.5,-4.217852840732403,4.206323748818623,4.256998188524733,1.8063237488186235,12.25439671814091,0.4267780599348577,3.727798007406383,7.581056607259438,27.542070066191087,-31.26986807359747,2.7116382352162,-45.91958424319448,12.681174778075759
