"scenario","stage","block","uid:1","uid:2","uid:3","uid:4","uid:5","uid:6","uid:7","uid:8","uid:9","uid:10","uid:11","uid:12","uid:13","uid:14","uid:15","uid:16","uid:17","uid:18","uid:19","uid:20","uid:21","uid:22","uid:23","uid:24","uid:25","uid:26","uid:27","uid:28","uid:29","uid:30","uid:31","uid:32","uid:33","uid:34","uid:35","uid:36","uid:37","uid:38","uid:39","uid:40","uid:41"
1,1,1,8.97818340056085e-19,0,2.6280346490426504e-18,0,0,9.331603684727718e-18,3.053849335453076e-19,0,0,1.523632102904039e-20,0,1.5736067884890251e-18,0,0,0,0,0,0,0,0,-7.670769009499365e-19,-2.0188922130372244e-18,-7.615514959029962e-20,7.469130772708923e-18,-7.259910892055742e-18,1.3344270986434678e-17,-4.717777747262215e-18,0,-1.8961064808299526e-18,0,0,0,3.45494807914748e-19,1.2520559091426511e-19,0,0,-0,0,3.951895372370139e-18,0,6.826658787814633e-18
