"scenario","stage","block","uid:1","uid:2","uid:3","uid:4","uid:5","uid:6","uid:7","uid:8","uid:9","uid:10","uid:11","uid:12","uid:13","uid:14","uid:15","uid:16","uid:17","uid:18","uid:19","uid:20","uid:21","uid:22","uid:23","uid:24","uid:25","uid:26","uid:27","uid:28","uid:29","uid:30","uid:31","uid:32","uid:33","uid:34","uid:35","uid:36","uid:37","uid:38","uid:39","uid:40","uid:41"
1,1,1,-0.6721828304630963,-0.36630818503262935,-0.2057955073603856,-0.3663081850326293,-0.14359777342474309,-0.3227895496779676,-0.511138115452336,-0.1435977734247431,0.14359777342474309,-0.18070968232698342,-0.048089022180510616,-0.16801655295583315,-0.06881619698514053,-0.04808902218051062,-0.06881619698514052,-0.01730869723226139,-0.01730869723226139,-0.01730869723226139,0.01730869723226139,0.06881619698514052,-0.21011089282044618,-0.13806486286066674,-0.21011089282044618,-0.19879687790408204,-0.3481757556811123,-0.19879687790408201,-0.5469726335851941,0,-0.5469726335851942,-0.5971541194946399,-0.8606073804430798,-0.5971541194946399,-0.1807096823269834,-0.7300791840255426,-0.01787295460625923,-0.04886361759626146,-0.19531428926119046,0.2131872438674497,-0.06096557694067878,0.2239561951808054,-0.9107888663525255
