"scenario","stage","block","uid:1"
1,1,1,54.150000000000006
1,1,2,54.150000000000006
1,1,3,48.300000000000004
1,1,4,60
