"scenario","stage","block","uid:1","uid:2","uid:3","uid:4","uid:5","uid:6","uid:7","uid:8","uid:9","uid:10","uid:11","uid:12","uid:13","uid:14","uid:15","uid:16","uid:17","uid:18","uid:19","uid:20","uid:21","uid:22","uid:23","uid:24","uid:25","uid:26","uid:27","uid:28","uid:29","uid:30","uid:31","uid:32","uid:33","uid:34","uid:35","uid:36","uid:37","uid:38","uid:39","uid:40","uid:41","uid:42","uid:43","uid:44","uid:45","uid:46","uid:47","uid:48","uid:49","uid:50","uid:51","uid:52","uid:53","uid:54","uid:55","uid:56","uid:57","uid:58","uid:59","uid:60","uid:61","uid:62","uid:63","uid:64","uid:65","uid:66","uid:67","uid:68","uid:69","uid:70","uid:71","uid:72","uid:73","uid:74","uid:75","uid:76","uid:77","uid:78","uid:79","uid:80"
1,1,1,-2.613012615476383,-5.613012615476383,24.5482741102355,-0.7710824480572196,-6.652089649081223,-33.51487224967052,-61.9082998474679,235.6813222853193,27.38516821901233,36.243865695158505,10.773017097825143,24.47836788050312,13.68189862662792,-15.245785819902217,34.045949208664155,25.16323732849587,39.20382607831661,68.8387132742881,-13.77108244805722,-102.41037786721282,-11.251423931170777,10.848392270082684,11.888656573466818,17.83676267150413,2.7961739216833905,-35.07592665713266,4.7714462073738915,1.471446207373892,-0.8285537926261078,2.4342518294729163,-3.8657481705270835,-17.996409010362324,-27.296409010362325,-31.896409010362326,7.8306608398352235,4.230660839835224,-1.569339160164776,3.8,-6.969339160164779,-12.969339160164779,-14.64047769601487,-17.27386573508899,2.63338803907412,1.6711385358500905,-3.262805622098938,9.481127418618831,-13.102899235450367,-18.56295000591742,38.25782528376058,8.557825283760579,-2.5412942554262514,5.3634078498169515,-15.636592150183048,19.999096607179922,15.099096607179924,-4.9009033928200765,-9.000903392820064,-30.56295000591742,-7.614346006457001,-2.3811274186188314,-4.06661196092588,-4.874601812083569,-11.09911953918683,-13.957078039767282,-18.014368167606612,-0.8285537926261078,-7.205934010363745,-6.924726829471499,17.996409010362324,-68.8955056175423,-6.969339160164779,-10.292574189625443,-30.56295000591742,-38.25782528376058,-33.636592150183176,-30.779303917326764,-15.102899235450367,-1.6711385358500905,-2.63338803907412,-15.800903392820064
