"scenario","stage","block","uid:1","uid:2","uid:3","uid:4"
1,1,1,0,-1.7079148936170214,-2.409085106382979,-2.9483829787234046
1,1,2,0,-0.8738723404255322,-1.2431276595744682,-1.5015744680851066
1,1,3,0,-0.6893617021276596,-1.1106382978723404,-1.097872340425532
1,1,4,0,-1.9529276595744682,-3.446672340425532,-4.110425531914894
