"scenario","stage","block","uid:1"
1,1,1,54.150000000000006
1,1,2,54.15
1,1,3,54.15
1,1,4,54.15
1,1,5,42.44999999999998
1,1,6,60
1,1,7,60
1,1,8,54.15
1,1,9,42.44999999999998
1,1,10,60
1,1,11,60
1,1,12,54.15
1,1,13,48.199999999999896
1,1,14,37.00000000000004
1,1,15,48
1,1,16,60
1,1,17,60
1,1,18,42.44999999999998
1,1,19,60
1,1,20,60
1,1,21,60
1,1,22,60
1,1,23,60
1,1,24,54.15
