"scenario","stage","block","uid:1","uid:2","uid:3"
1,1,1,20.000000000000004,20.000000000000004,1.9499999999999968
1,1,2,20.000000000000004,20.000000000000004,1.9499999999999968
1,1,3,0,0,0
1,1,4,40.00000000000001,40.00000000000001,39.56621004566211
