"scenario","stage","block","uid:1","uid:2","uid:3"
1,1,1,19.99999999999999,19.99999999999999,1.9500000000000004
1,1,2,19.99999999999999,19.99999999999999,1.9500000000000004
1,1,3,0,0,0
1,1,4,40.00000000000001,40.00000000000001,39.99566210045663
