"scenario","stage","block","uid:1","uid:2","uid:3"
1,1,1,980,980,998.0499999999998
1,1,2,980,980,998.0499999999998
1,1,3,1000,1000,1000
1,1,4,960,960,960.4337899543378
