"scenario","stage","block","uid:1","uid:2","uid:3"
1,1,1,980.0000000000001,980.0000000000001,998.05
1,1,2,980.0000000000001,980.0000000000001,998.05
1,1,3,1000,1000,1000
1,1,4,960,960,960.0043378995433
