"scenario","stage","block","uid:1","uid:2","uid:3"
1,1,1,120.00000000000001,80.00000000000001,60
1,1,2,60.00000000000001,40.00000000000001,60
1,1,3,30.000000000000004,20.000000000000004,60
1,1,4,200,130.00000000000003,60
