"scenario","stage","block","uid:1","uid:2","uid:3"
1,1,1,120,79.99999999999999,60
1,1,2,60,39.99999999999999,60
1,1,3,30,19.999999999999996,60
1,1,4,200,130,60
