"scene","rhs","L_Maule","CIPRESES","PEHUENCHE","COLBUN","ELTORO","RAPEL","CANUTILLAR","RALCO","PANGUE"
0,699881410,-8565.779894,-7877.121782,-4550.852678,-2275.27393,-6251.510534,-813.9490934,-2117.92873,-3052.495411,-1514.588544
