"scenario","stage","block","uid:1"
1,1,1,101
1,2,2,102.50000000000001
1,3,3,99.99999999999999
1,4,4,102.25000000000001
1,5,5,100
