"stage","uid:1"
1,0.49999999999995015
2,0.24999999999999992
3,0
4,0.25000000000000017
5,0
