"scenario","stage","block","uid:1","uid:2","uid:3","uid:4","uid:5","uid:6","uid:7","uid:8","uid:9","uid:10","uid:11","uid:12","uid:13","uid:14","uid:15","uid:16","uid:17","uid:18","uid:19","uid:20","uid:21","uid:22","uid:23","uid:24","uid:25","uid:26","uid:27","uid:28","uid:29","uid:30","uid:31","uid:32","uid:33","uid:34","uid:35","uid:36","uid:37","uid:38","uid:39","uid:40","uid:41","uid:42","uid:43","uid:44","uid:45","uid:46","uid:47","uid:48","uid:49","uid:50","uid:51","uid:52","uid:53","uid:54","uid:55","uid:56","uid:57","uid:58","uid:59","uid:60","uid:61","uid:62","uid:63","uid:64","uid:65","uid:66","uid:67","uid:68","uid:69","uid:70","uid:71","uid:72","uid:73","uid:74","uid:75","uid:76","uid:77","uid:78","uid:79","uid:80"
1,1,1,87.17016259846457,84.17016259846459,71.77090969756446,18.55282115579078,18.95208262601742,-10.699021706348073,-39.796074511843685,263.7556575597669,47.68800573833052,28.25092544059931,36.76565860119966,17.490578278340408,-59.31938253748592,-100.41443387837495,170.32295359751873,124.62116603126037,138.76571777275646,111.39925290090012,5.55282115579078,-81.36826792839115,22.496458984851035,5.025039489275488,-139.3509986099329,-81.62116603126037,-96.76571777275646,-112.45983732913768,7.066005915756248,3.766005915756248,1.46600591575625,3.870290152769267,-2.4297098472307326,-16.52973572334059,-25.82973572334059,-30.42973572334059,7.800025876109823,4.200025876109823,-1.5999741238901772,3.7999999999999994,-6.9999741238901745,-12.999974123890173,-15.894199519857601,-19.474088172565722,3.5798886527079468,2.894225395968249,-2.4042842370129933,8.532040946037208,-11.86620135277125,-34.84793529090628,42.64045479165176,12.940454791651765,7.712600364412335,18.808453246520614,-2.191546753479387,23.23951049870246,18.339510498702463,-1.660489501297536,-5.760489501297539,-46.84793529090628,-6.393845005286459,-1.432040946037207,-3.120111347292054,4.19741730856639,-5.227854427239432,-14.958764003832675,-19.30724191192357,1.4660059157562506,-7.190311702991324,-6.909714173118489,16.52973572334059,-70.66924622204304,-6.9999741238901745,-9.359684598552406,-46.84793529090628,-42.64045479165176,-20.191546753479386,-24.898435573541686,-13.866201352771249,-2.894225395968248,-3.5798886527079463,-12.56048950129754
