"scenario","stage","block","uid:1","uid:2","uid:3","uid:4","uid:5"
1,1,1,22.842553191489362,33.007446808510636,6.776595744680848,16.06595744680851,3.9340425531914907
1,1,2,21.097872340425535,30.752127659574473,6.436170212765958,14.661702127659575,3.3382978723404246
1,1,3,26.20000000000001,41.20000000000001,10.000000000000002,16.200000000000003,0.7999999999999973
1,1,4,18.234042553191486,25.76595744680851,5.021276595744679,13.212765957446809,3.78723404255319
1,1,5,19.10638297872341,26.893617021276604,5.191489361702129,13.914893617021278,4.085106382978723
1,1,6,22.595744680851062,31.404255319148934,5.872340425531915,16.723404255319146,5.276595744680853
1,1,7,32.493617021276606,47.20638297872341,9.808510638297875,22.685106382978724,5.314893617021276
1,1,8,38.93617021276596,54.063829787234056,10.085106382978726,28.851063829787236,9.148936170212764
1,1,9,59.31914893617023,87.93085106382982,19.074468085106396,40.24468085106384,7.7553191489361595
1,1,10,56.48936170212765,78.51063829787233,14.680851063829788,41.808510638297875,13.191489361702127
1,1,11,59.78723404255319,83.2127659574468,15.617021276595748,44.170212765957444,13.82978723404255
1,1,12,61.87234042553192,86.12765957446811,16.17021276595745,45.702127659574465,14.297872340425533
1,1,13,63.617021276595736,88.38297872340426,16.51063829787234,47.10638297872342,14.893617021276594
1,1,14,65.85531914893618,93.84468085106384,18.659574468085115,47.195744680851064,12.804255319148934
1,1,15,58.91489361702128,82.08510638297872,15.446808510638302,43.46808510638298,13.53191489361702
1,1,16,58.48085106382979,82.36914893617023,15.925531914893618,42.555319148936164,12.444680851063833
1,1,17,61.68510638297872,88.01489361702127,17.553191489361705,44.131914893617015,11.868085106382978
1,1,18,61.87234042553192,86.12765957446811,16.17021276595745,45.702127659574465,14.297872340425533
1,1,19,72.20425531914893,101.64574468085107,19.62765957446809,52.57659574468085,15.423404255319149
1,1,20,79.33191489361701,111.51808510638301,21.45744680851065,57.874468085106386,17.125531914893614
1,1,21,76.0340425531915,106.81595744680851,20.521276595744684,55.51276595744681,16.48723404255319
1,1,22,68.9063829787234,96.94361702127662,18.69148936170213,50.214893617021275,14.785106382978723
1,1,23,56.110638297872356,80.58936170212768,16.31914893617022,39.79148936170213,10.20851063829787
1,1,24,34.04255319148937,47.957446808510646,9.276595744680854,24.76595744680851,7.234042553191489
