"scenario","stage","block","uid:1","uid:2","uid:3","uid:4","uid:5","uid:6","uid:7","uid:8","uid:9","uid:10","uid:11","uid:12","uid:13","uid:14","uid:15","uid:16","uid:17","uid:18","uid:19","uid:20","uid:21","uid:22","uid:23","uid:24","uid:25","uid:26","uid:27","uid:28","uid:29","uid:30","uid:31","uid:32","uid:33","uid:34","uid:35","uid:36","uid:37","uid:38","uid:39","uid:40","uid:41","uid:42","uid:43","uid:44","uid:45","uid:46","uid:47","uid:48","uid:49","uid:50","uid:51","uid:52","uid:53","uid:54","uid:55","uid:56","uid:57","uid:58","uid:59","uid:60","uid:61","uid:62","uid:63","uid:64","uid:65","uid:66","uid:67","uid:68","uid:69","uid:70","uid:71","uid:72","uid:73","uid:74","uid:75","uid:76","uid:77","uid:78","uid:79","uid:80"
1,1,1,-2.6130126154764888,-5.613012615476489,24.54827411023542,-0.7710824480572196,-6.652089649081224,-33.51487224967054,-61.90829984746791,235.68132228531925,27.385168219012343,36.24386569515855,10.773017097825173,24.47836788050317,13.681898626628032,-15.24578581990217,34.04594920866402,25.163237328495818,39.20382607831655,68.8387132742881,-13.77108244805722,-102.41037786721283,-11.251423931170729,10.848392270082735,11.888656573466815,17.83676267150418,2.796173921683451,-35.075926657132634,4.771446207373905,1.4714462073739045,-0.8285537926260952,2.43425182947287,-3.8657481705271297,-17.996409010362363,-27.296409010362368,-31.896409010362365,7.830660839835236,4.2306608398352346,-1.5693391601647644,3.8,-6.969339160164765,-12.969339160164765,-14.64047769601488,-17.273865735089,2.6333880390741045,1.6711385358500663,-3.2628056220990547,9.481127418618826,-13.102899235450378,-18.562950005917486,38.25782528376067,8.557825283760666,-2.5412942554263447,5.36340784981693,-15.63659215018307,19.999096607179922,15.099096607179922,-4.900903392820078,-9.000903392820078,-30.562950005917486,-7.614346006456994,-2.3811274186188265,-4.066611960925895,-4.874601812083688,-11.099119539187011,-13.957078039767286,-18.014368167606612,-0.8285537926260952,-7.205934010363741,-6.924726829471496,17.996409010362363,-68.89550561754228,-6.969339160164765,-10.292574189625448,-30.562950005917486,-38.25782528376067,-33.63659215018307,-30.779303917326786,-15.102899235450378,-1.6711385358500663,-2.6333880390741045,-15.800903392820077
