"scenario","stage","block","uid:1","uid:2","uid:3","uid:4","uid:5","uid:6","uid:7","uid:8","uid:9","uid:10","uid:11","uid:12","uid:13","uid:14","uid:15","uid:16","uid:17","uid:18","uid:19","uid:20","uid:21","uid:22","uid:23","uid:24","uid:25","uid:26","uid:27","uid:28","uid:29","uid:30","uid:31","uid:32","uid:33","uid:34","uid:35","uid:36","uid:37","uid:38","uid:39","uid:40","uid:41","uid:42","uid:43","uid:44","uid:45","uid:46","uid:47","uid:48","uid:49","uid:50","uid:51","uid:52","uid:53","uid:54","uid:55","uid:56","uid:57","uid:58","uid:59","uid:60","uid:61","uid:62","uid:63","uid:64","uid:65","uid:66","uid:67","uid:68","uid:69","uid:70","uid:71","uid:72","uid:73","uid:74","uid:75","uid:76","uid:77","uid:78","uid:79","uid:80"
1,1,1,64.86673148258636,61.86673148258636,10.613923798447882,-6.266914173254975,-13.934066684968293,-40.293539261653045,-67.90744159657022,224.8166259382888,23.832496636344082,34.15513851596644,6.8051027598444165,22.330891888673825,18.110324627018578,-10.545018026190473,83.71801609661111,36.58136417337682,50.63388824742567,10.252807684138471,-19.266914173254975,-107.27593246514098,-15.800086141743899,8.63285754448785,26.220269038903016,6.418635826623181,-8.633888247425677,-31.121575050979025,3.614904656671155,0.3149046566711551,-1.9850953433288447,3.355654185794254,-2.9443458142057457,-16.975389340947984,-26.27538934094798,-30.875389340947983,7.731043526742239,4.131043526742237,-1.6689564732577615,3.8,-7.068956473257762,-13.068956473257762,-14.667342053866335,-17.24667550177917,2.579333447912832,1.5983855806085794,-5.340749529123099,9.536599405053185,-13.175181466999588,-18.304230703580075,38.7318996779976,9.0318996779976,-3.3939627003133546,4.367417221912021,-16.63258277808798,19.10700386253994,14.207003862539942,-5.792996137460058,-9.892996137460056,-30.304230703580075,-7.685681566425407,-2.436599405053185,-4.120666552087169,-5.8573319490112095,-12.425862378310955,-13.452191880577253,-17.362712776093897,-1.9850953433288447,-7.155134136771541,-6.8759093899706984,16.975389340947984,-66.98239320348793,-7.068956473257762,-10.347099504479006,-30.304230703580075,-38.7318996779976,-34.63258277808798,-31.618711871236584,-15.175181466999588,-1.5983855806085794,-2.579333447912832,-16.692996137460057
