"scenario","stage","block","uid:1","uid:2","uid:3"
1,1,1,1000,269.2160156487632,132.43190605052757
