"scenario","stage","block","uid:1","uid:2","uid:3"
1,1,1,0,730.7839843512368,867.5680939494724
