"scenario","stage","block","uid:1","uid:2","uid:3","uid:4"
1,1,1,0,-0.5365106382978722,-0.8144893617021272,-0.8877021276595741
1,1,2,0,-0.38212765957446815,-0.5378723404255319,-0.6604255319148937
1,1,3,0,-0.36468085106382975,-0.5153191489361701,-0.6289361702127659
1,1,4,0,-0.6036595744680846,-0.9783404255319138,-0.9575319148936163
1,1,5,0,-0.38212765957446815,-0.5378723404255319,-0.6604255319148937
1,1,6,0,-0.4519148936170213,-0.6280851063829788,-0.7863829787234045
1,1,7,0,-0.5702127659574469,-0.789787234042553,-0.9940425531914895
1,1,8,0,-0.7787234042553192,-1.081276595744681,-1.3557446808510636
1,1,9,0,-0.9872340425531914,-1.372765957446808,-1.7174468085106385
1,1,10,0,-1.1696170212765953,-1.6473829787234038,-2.020723404255319
1,1,11,0,-1.2355744680851064,-1.741425531914894,-2.1339148936170216
1,1,12,0,-1.3235744680851063,-1.8894255319148925,-2.269914893617021
1,1,13,0,-1.4629787234042555,-2.1370212765957444,-2.4765957446808513
1,1,14,0,-1.2374468085106383,-1.722553191489362,-2.151489361702128
1,1,15,0,-1.26,-1.8,-2.16
1,1,16,0,-1.1696170212765953,-1.6473829787234038,-2.020723404255319
1,1,17,0,-1.1938723404255318,-1.683127659574468,-2.0615744680851065
1,1,18,0,-1.2772765957446806,-1.799723404255319,-2.2062553191489362
1,1,19,0,-1.074468085106383,-1.785531914893617,-2.1748936170212763
1,1,20,0,-0.8028085106382967,-1.7691914893617013,-2.0893617021276585
1,1,21,0,-0.7948936170212758,-1.7051063829787232,-2.0229787234042544
1,1,22,0,-0.8765957446808506,-1.623404255319149,-1.9553191489361696
1,1,23,0,-1.0425531914893615,-1.457446808510638,-1.8085106382978722
1,1,24,0,-0.7206808510638298,-1.0363191489361703,-1.2309361702127661
