"scenario","stage","block","uid:1","uid:2","uid:3","uid:4"
1,1,1,20,19.999999999999996,19.999999999999993,19.999999999999993
1,1,2,20,19.999999999999993,19.999999999999993,19.999999999999993
1,1,3,0,0,0,0
1,1,4,40.000000000000014,40.00000000000001,40.00000000000001,40.00000000000001
