"scenario","stage","block","uid:1","uid:2","uid:3","uid:4"
1,1,1,0,-1.7122178346201455,-2.4174220545765306,-2.954299522602701
1,1,2,0,-0.8340425531914895,-1.1659574468085105,-1.4468085106382984
1,1,3,0,-0.825531914893617,-1.3744680851063829,-1.2851063829787235
1,1,4,0,-2.335906382978724,-3.0636936170212765,-4.187021276595745
