"scenario","stage","block","uid:1","uid:2","uid:3","uid:4"
1,1,1,0,-1.7477446808510633,-2.486255319148935,-3.003148936170212
1,1,2,0,-0.8340425531914891,-1.1659574468085103,-1.4468085106382977
1,1,3,0,-0.4966808510638296,-0.7373191489361702,-0.8329361702127658
1,1,4,0,-1.9529276595744693,-3.446672340425532,-4.110425531914895
