"scenario","stage","block","uid:1","uid:2","uid:3","uid:4"
1,1,1,0,-1.7079148936170219,-2.409085106382979,-2.948382978723405
1,1,2,0,-0.8738723404255321,-1.2431276595744682,-1.5015744680851066
1,1,3,0,-0.49668085106383,-0.7373191489361702,-0.832936170212766
1,1,4,0,-1.9529276595744687,-3.4466723404255326,-4.110425531914895
