"scenario","stage","block","uid:1","uid:2","uid:3","uid:4"
1,1,1,0,-1.7477446808510642,-2.4862553191489365,-3.0031489361702133
1,1,2,0,-0.8340425531914897,-1.165957446808511,-1.446808510638298
1,1,3,0,-0.49668085106383,-0.7373191489361702,-0.832936170212766
1,1,4,0,-1.9529276595744687,-3.4466723404255326,-4.110425531914895
