"scenario","stage","block","uid:1","uid:2","uid:3","uid:4","uid:5"
1,1,1,41.27659574468085,68.72340425531914,18.29787234042553,22.978723404255316,-2.978723404255316
1,1,2,19.106382978723406,26.893617021276594,5.191489361702126,13.914893617021278,4.085106382978723
1,1,3,18.23404255319149,25.76595744680851,5.021276595744681,13.212765957446805,3.7872340425531954
1,1,4,25.1787234042553,39.22127659574464,9.361702127659562,15.817021276595732,1.1829787234042684
1,1,5,19.106382978723406,26.893617021276594,5.191489361702126,13.914893617021278,4.085106382978723
1,1,6,22.595744680851062,31.404255319148934,5.872340425531913,16.723404255319153,5.276595744680847
1,1,7,28.51063829787234,39.48936170212766,7.3191489361702144,21.191489361702118,6.808510638297881
1,1,8,38.93617021276596,54.06382978723404,10.085106382978726,28.851063829787226,9.148936170212774
1,1,9,49.361702127659576,68.63829787234043,12.851063829787238,36.51063829787233,11.489361702127669
1,1,10,56.48936170212765,78.51063829787235,14.680851063829794,41.80851063829786,13.191489361702141
1,1,11,59.78723404255319,83.2127659574468,15.617021276595741,44.17021276595745,13.829787234042547
1,1,12,61.872340425531924,86.12765957446808,16.170212765957444,45.70212765957446,14.297872340425542
1,1,13,63.617021276595736,88.38297872340425,16.510638297872347,47.10638297872339,14.893617021276611
1,1,14,82.29787234042553,125.70212765957447,28.936170212765962,53.36170212765957,6.638297872340434
1,1,15,58.914893617021264,82.08510638297871,15.446808510638297,43.46808510638298,13.531914893617019
1,1,16,56.48936170212765,78.51063829787235,14.680851063829794,41.80851063829786,13.191489361702141
1,1,17,57.702127659574465,80.29787234042553,15.063829787234036,42.63829787234044,13.361702127659564
1,1,18,61.872340425531924,86.12765957446808,16.170212765957444,45.70212765957446,14.297872340425542
1,1,19,70.2127659574468,97.78723404255318,18.382978723404253,51.82978723404257,16.170212765957434
1,1,20,77.34042553191489,107.65957446808511,20.212765957446816,57.12765957446807,17.872340425531927
1,1,21,74.04255319148936,102.95744680851064,19.276595744680858,54.765957446808486,17.23404255319151
1,1,22,66.91489361702126,93.08510638297872,17.446808510638302,49.46808510638297,15.531914893617024
1,1,23,52.12765957446809,72.87234042553192,13.829787234042549,38.297872340425535,11.702127659574465
1,1,24,34.04255319148936,47.95744680851063,9.276595744680849,24.765957446808514,7.234042553191488
