"scenario","stage","block","uid:1","uid:2","uid:3","uid:4","uid:5","uid:6","uid:7","uid:8","uid:9"
1,1,1,38.90025663085981,122.43698104224012,106.74405242537293,47.5591826499066,-8.658926019046792,-30.52210744856626,-8.658926019046792,-8.085126406326136,-8.085126406326134
