"scenario","stage","block","uid:1","uid:2","uid:3","uid:4","uid:5","uid:6","uid:7","uid:8","uid:9"
1,1,1,-6.302280132481444,-3.7474562503802105,-1.7479847448895494,-7.258690169047869,0.9564100365664258,4.539030958703335,0.9564100365664259,0.7915747083231228,0.7915747083231229
