"scenario","stage","block","uid:1"
1,1,1,54.150000000000006
1,1,2,54.15
1,1,3,19.999999999999996
1,1,4,60
