"scenario","stage","block","uid:1"
1,1,1,2.1606648199445937
1,1,2,2.1606648199445937
1,1,3,2.1606648199445897
1,1,4,0
