"scenario","stage","block","uid:1"
1,1,1,0
1,1,2,0
1,1,3,35.94736842105263
1,1,4,29.789473684210517
