"scenario","stage","block","uid:1"
1,1,1,-6.938893903907228e-15
1,1,2,19.000000000000007
1,1,3,0
1,1,4,-0
