"scenario","stage","block","uid:1","uid:2","uid:3","uid:4"
1,1,1,0,19.999999999999996,0,0
1,1,2,0,19.999999999999996,0,0
1,1,3,20,40,0,0
1,1,4,-19.999999999999993,0,0,-40.00000000000001
