"scenario","stage","block","uid:1","uid:2","uid:3","uid:4"
1,1,1,0,-2.085106382978724,-2.9148936170212765,-3.6170212765957457
