"scenario","stage","block","uid:1"
1,1,1,101
1,2,2,102.4999673598826
1,3,3,100
1,4,4,102.2499456003962
1,5,5,100
