"scenario","stage","block","uid:1"
1,1,1,1.0000000000000013
1,2,2,2.4999673598825956
1,3,3,0
1,4,4,2.249945600396202
1,5,5,0
