"stage","d1:1"
1,9.993155373032174
2,14.989733059548257
3,14.989733059548257
4,19.986310746064348
5,19.986310746064348
