"scenario","stage","block","d1:1"
1,1,1,0.9999999999999989
1,2,2,2.5
1,3,3,0
1,4,4,2.250000000000001
1,5,5,0
