"stage","uid:1"
1,9.999999999999003
2,14.999999999999002
3,14.999999999999002
4,19.99999999999901
5,19.99999999999901
