"stage"," :1"
1,15.000000000000002
2,7
3,3
4,2.2500000000000004
5,0
