"stage","d1:1"
1,14.999075859390107
2,6.999614034057974
3,3.999829666405929
4,2.2499456376298914
5,1
