"scenario","stage","block","d1:1"
1,1,1,0.9993155373032186
1,2,2,2.498256247806988
1,3,3,0
1,4,4,2.2484056337711444
1,5,5,0
