"stage","uid:1"
1,9.999999999999003
2,14.999999999999002
3,14.999999999999002
4,19.999999999999005
5,19.999999999999005
