"stage"," :1"
1,10.000000000000002
2,15.000000000000002
3,15.000000000000002
4,20.000000000000004
5,20.000000000000004
