"stage","uid:1"
1,14.99907522644435
2,6.999613769708214
3,3.9998295497428784
4,2.2499456003962015
5,1
