"stage","uid:1"
1,14.999075226444353
2,6.999613769708214
3,2.999829549742878
4,2.2499456003962015
5,0
