"stage","d1:1"
1,14.988809551478136
2,6.994823059359783
3,2.997776394902571
4,2.2484056337711444
5,0
