"stage","d1:1"
1,0.5000000000000001
2,0.24999999999999997
3,0
4,0.25000000000000017
5,0
