"stage","d1:1"
1,0
2,0
3,19.986310746064344
4,0
5,19.986310746064337
