"scenario","stage","block","uid:1"
1,1,1,899
1,2,2,897.5000326401173
1,3,3,900.0000000000001
1,4,4,897.7500543996038
1,5,5,900.0000000000001
