"scenery","stage","block","d1:1"
1,1,1,-899.0006844626968
1,2,2,-897.5017437521931
1,3,3,-900.0000000000001
1,4,4,-897.7515943662289
1,5,5,-900
