"scenario","stage","block","uid","value"
1,1,10,1,57
1,1,11,1,97.030525
1,1,12,1,110.33053
1,1,13,1,136.93053
1,1,14,1,158.78053
1,1,15,1,170.18053
1,1,16,1,170.18053
1,1,17,1,170.18053
1,1,18,1,196.21053
1,1,19,1,166.10527
1,1,20,1,102.947365
1,1,21,1,44.42105
1,1,22,1,3.7894738
