"scenario","stage","block","uid:1"
1,1,1,60
1,1,2,60
1,1,3,60
1,1,4,58.227146814404435
1,1,5,33.24099722991689
1,1,6,0
1,1,7,0
1,1,8,60
1,1,9,0
1,1,10,44.74999999999981
1,1,11,5.641966759002968
1,1,12,47.49999999999998
1,1,13,48.00000000000002
1,1,14,49.749999999999986
1,1,15,52.25
1,1,16,51.50000000000001
1,1,17,39.49999999999999
1,1,18,33.24099722991691
1,1,19,27.511495844875256
1,1,20,6.911495844875379
1,1,21,14.011495844875386
1,1,22,31.01149584487535
1,1,23,60
1,1,24,60
