"scenario","stage","block","uid:1"
1,1,1,24.900000000000052
1,1,2,60
1,1,3,60
1,1,4,60
1,1,5,60
1,1,6,59.99999999999999
1,1,7,54.150000000000006
1,1,8,54.150000000000006
1,1,9,54.150000000000006
1,1,10,54.150000000000006
1,1,11,54.150000000000006
1,1,12,47.04999999999996
1,1,13,32.0000000000001
1,1,14,54.150000000000006
1,1,15,54.150000000000006
1,1,16,54.150000000000006
1,1,17,60
1,1,18,48.30000000000001
1,1,19,60
1,1,20,60
1,1,21,60
1,1,22,60
1,1,23,60
1,1,24,54.150000000000006
