"scenario","stage","block","uid:1"
1,1,1,24.900000000000002
1,1,2,54.150000000000006
1,1,3,54.150000000000006
1,1,4,60
1,1,5,48.30000000000001
1,1,6,54.150000000000006
1,1,7,60
1,1,8,60
1,1,9,60
1,1,10,60
1,1,11,60.00000000000002
1,1,12,47.34999999999995
1,1,13,32.00000000000002
1,1,14,60
1,1,15,48.00000000000004
1,1,16,54.150000000000006
1,1,17,54.150000000000006
1,1,18,54.150000000000006
1,1,19,60
1,1,20,60
1,1,21,60
1,1,22,60
1,1,23,60
1,1,24,54.150000000000006
