"scenario","stage","block","uid:1"
1,1,1,24.900000000000027
1,1,2,60
1,1,3,60
1,1,4,54.150000000000006
1,1,5,60
1,1,6,60
1,1,7,60
1,1,8,54.150000000000006
1,1,9,54.150000000000006
1,1,10,54.150000000000006
1,1,11,54.150000000000006
1,1,12,45.99999999999999
1,1,13,56.34999999999997
1,1,14,37.00000000000003
1,1,15,48.00000000000004
1,1,16,54.150000000000006
1,1,17,54.150000000000006
1,1,18,54.150000000000006
1,1,19,60
1,1,20,60
1,1,21,60
1,1,22,60
1,1,23,60
1,1,24,54.150000000000006
