"scenario","stage","block","uid:1"
1,1,1,-1900
1,1,2,-1900
1,1,3,-1900
1,1,4,-1900
1,1,5,-1900
1,1,6,-1900
1,1,7,-1900
1,1,8,-1900
1,1,9,-1900
1,1,10,-1900
1,1,11,-1900
1,1,12,0
1,1,13,0
1,1,14,0
1,1,15,0
1,1,16,-21.43287671232877
1,1,17,-21.43287671232877
1,1,18,-21.43287671232877
1,1,19,-21.43287671232877
1,1,20,-21.43287671232877
1,1,21,-21.43287671232877
1,1,22,-21.43287671232877
1,1,23,-21.43287671232877
1,1,24,-21.43287671232877
