"scenario","stage","block","uid:1","uid:2","uid:3","uid:4","uid:5","uid:6","uid:7"
1,1,1,-0,20.000000000000004,1.0408340855860843e-14,20.000000000000014,6.938893903907228e-15,20.000000000000004,0
