"scenario","stage","block","uid:1","uid:2","uid:3","uid:4","uid:5","uid:6","uid:7"
1,1,1,0,19.999999999999996,-1.3877787807814457e-14,19.99999999999998,-2.42861286636753e-14,19.99999999999997,-2.0816681711721685e-14
