"stage","uid:1","uid:2","uid:3"
1,1116.2528538812783,302.1906849315066,482.2191780821919
