"stage","uid:1","uid:2","uid:3"
1,8.930022831050232,5.357990867579906,2.6789954337899546
