"stage","uid:1","uid:2","uid:3"
1,1116.2528538812787,302.1906849315073,482.2191780821918
