"stage","uid:1","uid:2","uid:3"
1,8.930023,4.763356,2.6789954
