"stage","uid:1","uid:2","uid:3"
1,0.25000000000000006,0.18799999999999997,1
