"scenario","stage","block","uid:1"
1,1,1,54.15
1,1,2,54.15
1,1,3,54.15
1,1,4,54.15
1,1,5,54.15
1,1,6,54.15
1,1,7,54.15
1,1,8,54.15
1,1,9,48.3000000000018
1,1,10,60
1,1,11,42.4499999999982
1,1,12,60
1,1,13,60
1,1,14,54.15
1,1,15,54.15
1,1,16,48.3000000000009
1,1,17,60
1,1,18,48.3
1,1,19,60
1,1,20,54.149999999999096
1,1,21,54.15
1,1,22,54.15
1,1,23,54.15
1,1,24,54.15
