"scenario","stage","block","uid:1"
1,1,1,0
1,1,2,0
1,1,3,0
1,1,4,0
1,1,5,0
1,1,6,0
1,1,7,0
1,1,8,0
1,1,9,6.157894736840206
1,1,10,-1.8999999999999996e-12
1,1,11,12.315789473684205
1,1,12,6.157894736842106
1,1,13,0
1,1,14,0
1,1,15,0
1,1,16,6.157894736841157
1,1,17,-9.499999999999998e-13
1,1,18,6.157894736841157
1,1,19,-9.499999999999998e-13
1,1,20,0
1,1,21,0
1,1,22,0
1,1,23,0
1,1,24,0
