"scenario","stage","block","uid:1","uid:2","uid:3","uid:4","uid:5","uid:6","uid:7","uid:8","uid:9","uid:10","uid:11","uid:12","uid:13","uid:14","uid:15","uid:16","uid:17","uid:18","uid:19","uid:20","uid:21","uid:22","uid:23","uid:24","uid:25","uid:26","uid:27","uid:28","uid:29","uid:30"
1,1,1,0,-0.044726943027064266,-0.10839434803354742,-0.13235245862962156,-0.20471565759933208,-0.15925033175621073,-0.18903261821649334,-0.17170070068117435,-0.21796189148356462,-0.2490112740316844,-0.21796189148356462,-0.23754227619598242,-0.23754227619598242,-0.25652518308392136,-0.2589577201902965,-0.24956122250503388,-0.2544625462354345,-0.27083757038133754,-0.2737277774508226,-0.26878893906634105,-0.2604972014253259,-0.2599862653303985,-0.2670457594260446,-0.2692165049391734,-0.2601981968921919,-0.2734981968921919,-0.2471764402415083,-0.17098817175242986,-0.2723632152432075,-0.28897538318992133
