"scenario","stage","block","uid:1","uid:2","uid:3","uid:4","uid:5","uid:6","uid:7","uid:8","uid:9","uid:10","uid:11","uid:12","uid:13","uid:14","uid:15","uid:16","uid:17","uid:18","uid:19","uid:20","uid:21","uid:22","uid:23","uid:24","uid:25","uid:26","uid:27","uid:28","uid:29","uid:30","uid:31","uid:32","uid:33","uid:34","uid:35","uid:36","uid:37","uid:38","uid:39","uid:40","uid:41","uid:42"
1,1,1,20.000000000000018,20.000000000000025,20.00000000000002,20.000000000000004,20.000000000000004,20,20.000000000000004,20.000000000000007,20.000000000000018,20.000000000000025,20.000000000000025,20.000000000000025,20.000000000000018,20.000000000000018,20.000000000000007,20.000000000000025,20.000000000000025,20.000000000000025,20.000000000000025,20,20,20,20,20.000000000000004,20,20,20,19.999999999999975,20.000000000000032,20.00000000000002,20.00000000000003,20.000000000000025,19.99999999999998,19.99999999999998,20.000000000000007,20.000000000000007,20.000000000000007,20.000000000000007,20.000000000000007,20.000000000000007,20.000000000000025,19.999999999999996
