"scenario","stage","block","uid:1","uid:2","uid:3","uid:4","uid:5","uid:6","uid:7","uid:8","uid:9","uid:10","uid:11","uid:12","uid:13","uid:14","uid:15","uid:16","uid:17","uid:18","uid:19","uid:20","uid:21","uid:22","uid:23","uid:24","uid:25","uid:26","uid:27","uid:28","uid:29","uid:30","uid:31","uid:32","uid:33","uid:34","uid:35","uid:36","uid:37","uid:38","uid:39","uid:40","uid:41","uid:42"
1,1,1,55,3,41,13,75,150,121.00000000000001,5,377,18,10.5,22,43,42,27.2,3.2999999999999994,2.3,6.3,6.300000000000001,9.300000000000002,4.6,17,3.6,5.8,1.6,3.8,6,14,6.3,7.1000000000000005,2,12,29.7,18,21,18.000000000000004,4.9,20.000000000000004,4.099999999999999,6.799999999999999,7.599999999999999,6.7
