"scenario","stage","block","uid:1"
1,1,1,18.050000000000004
1,1,2,18.050000000000004
1,1,3,0
1,1,4,0
