"scenario","stage","block","uid:1"
1,1,1,-20.000000000000004
1,1,2,-20.000000000000004
1,1,3,-0
1,1,4,-0
