"scenario","stage","block","uid:1","uid:2","uid:3","uid:4"
1,1,1,0,-1.7079148936170216,-2.409085106382979,-2.948382978723405
1,1,2,0,-0.8738723404255321,-1.2431276595744682,-1.5015744680851066
1,1,3,0,-0.4966808510638299,-0.7373191489361703,-0.8329361702127662
1,1,4,0,-1.952927659574468,-3.446672340425532,-4.110425531914894
