"scenario","stage","block","uid:1","uid:2","uid:3","uid:4"
1,1,1,0,-1.7079148936170216,-2.4090851063829786,-2.948382978723405
1,1,2,0,-0.873872340425532,-1.2431276595744682,-1.5015744680851066
1,1,3,0,-0.6893617021276596,-1.1106382978723401,-1.097872340425532
1,1,4,0,-1.952927659574468,-3.446672340425532,-4.110425531914895
