"scenario","stage","block","uid:1","uid:2"
1,1,1,979.8858447488584,979.8858447488584
