"scenario","stage","block","uid:1","uid:2","uid:3","uid:4","uid:5","uid:6"
1,1,1,0,3.526826305103987e-15,20.000000000000007,20.000000000000004,20.000000000000004,19.999999999999996
