"scenario","stage","block","uid:1","uid:2","uid:3","uid:4","uid:5","uid:6"
1,1,1,0,-6.710908429112574e-15,19.99999999999999,19.999999999999996,20,19.999999999999993
