"scenario","stage","block","uid:1","uid:2","uid:3","uid:4","uid:5","uid:6"
1,1,1,0,-4.036454138559119e-15,19.999999999999996,19.999999999999996,19.999999999999993,20.000000000000004
